{"initial_reset_timestamp": 1669933319.886768, "timestamps": [1669933322.4109218, 1669933322.8771007, 1669933323.4784775, 1669933324.0376692, 1669933324.5698357, 1669933325.3749254, 1669933328.9893463, 1669933329.5111217, 1669933330.0552096, 1669933330.5924866, 1669933331.0915005, 1669933331.5967968, 1669933332.0384994, 1669933336.1884084, 1669933337.937078, 1669933339.6704116, 1669933341.4426656, 1669933343.163691, 1669933344.8817356, 1669933346.5658195, 1669933351.3368273, 1669933353.0223212, 1669933354.7101095, 1669933356.4190788, 1669933358.094438, 1669933359.7574022, 1669933364.2470367, 1669933365.4092312, 1669933367.074665, 1669933368.7318282, 1669933370.4314256, 1669933372.126626, 1669933373.7794049, 1669933375.2113025, 1669933379.711095, 1669933381.368713, 1669933383.0635173, 1669933384.734723, 1669933386.4419894, 1669933388.1031072, 1669933392.8117914, 1669933394.4790483, 1669933396.1699717, 1669933397.8769674, 1669933399.5600033, 1669933401.236855, 1669933402.8699286, 1669933407.2676692, 1669933408.9063323, 1669933410.5814373, 1669933412.2383864, 1669933413.907042, 1669933415.5970063, 1669933417.2674658, 1669933421.0294259, 1669933422.713093, 1669933424.4586575, 1669933426.1479814, 1669933427.8144808, 1669933429.487624, 1669933431.186766, 1669933435.9170854, 1669933437.6374924, 1669933439.3340824, 1669933441.0144892, 1669933442.7673078, 1669933444.4611416, 1669933449.0132453, 1669933450.7065852, 1669933452.4431431, 1669933454.1083267, 1669933455.8096747, 1669933457.4919395, 1669933459.1883855, 1669933463.6637468, 1669933465.3283215, 1669933467.0362694, 1669933468.7100902, 1669933470.380822, 1669933472.0694144, 1669933473.909663, 1669933478.432205, 1669933479.2045474, 1669933480.893953, 1669933482.5673957, 1669933484.2157419, 1669933485.908974, 1669933487.5586462, 1669933492.0339248, 1669933493.6831238, 1669933495.3608632, 1669933497.027, 1669933498.6872323, 1669933499.620653, 1669933501.297761, 1669933506.2879276, 1669933507.9260015, 1669933509.6190224, 1669933511.3031719, 1669933512.9864109, 1669933514.6641328, 1669933516.3376408, 1669933520.8438945, 1669933522.5429196, 1669933524.1801333, 1669933525.8556006, 1669933527.5281792, 1669933529.1914523, 1669933533.6537788, 1669933535.5153358, 1669933538.2751265, 1669933541.1317372, 1669933543.7827852, 1669933546.3445375, 1669933548.1588764, 1669933552.7501717, 1669933553.5353677, 1669933555.2128377, 1669933556.8715708, 1669933558.489352, 1669933560.173343, 1669933561.8829103, 1669933563.6398075, 1669933568.1350224, 1669933569.835626, 1669933571.5810251, 1669933573.2724457, 1669933574.9403133, 1669933576.5950649, 1669933581.1419375, 1669933582.8409166, 1669933584.5216315, 1669933586.2670896, 1669933587.927799, 1669933589.5751917, 1669933591.2422657], "episode_lengths": [148, 150, 150, 150, 150, 150, 150, 150, 150, 150, 150, 150, 121, 150, 150, 150, 150, 150, 150, 150, 150, 150, 150, 150, 150, 150, 150, 101, 150, 150, 150, 150, 150, 129, 150, 150, 150, 150, 150, 150, 150, 150, 150, 150, 150, 150, 150, 150, 150, 150, 150, 150, 150, 150, 79, 150, 150, 150, 150, 150, 150, 150, 150, 150, 150, 150, 150, 150, 150, 150, 150, 150, 150, 150, 150, 150, 150, 150, 150, 150, 150, 150, 65, 150, 150, 150, 150, 150, 150, 150, 150, 150, 150, 79, 150, 150, 150, 150, 150, 150, 150, 150, 150, 150, 150, 150, 150, 150, 150, 103, 150, 150, 150, 150, 150, 142, 68, 150, 150, 150, 150, 150, 150, 150, 150, 150, 150, 150, 150, 150, 150, 150, 150, 150, 150, 150], "episode_rewards": [-147.0, -150.0, -150.0, -150.0, -150.0, -150.0, -150.0, -150.0, -150.0, -150.0, -150.0, -150.0, -120.0, -150.0, -150.0, -150.0, -150.0, -150.0, -150.0, -150.0, -150.0, -150.0, -150.0, -150.0, -150.0, -150.0, -150.0, -100.0, -150.0, -150.0, -150.0, -150.0, -150.0, -128.0, -150.0, -150.0, -150.0, -150.0, -150.0, -150.0, -150.0, -150.0, -150.0, -150.0, -150.0, -150.0, -150.0, -150.0, -150.0, -150.0, -150.0, -150.0, -150.0, -150.0, -78.0, -150.0, -150.0, -150.0, -150.0, -150.0, -150.0, -150.0, -150.0, -150.0, -150.0, -150.0, -150.0, -150.0, -150.0, -150.0, -150.0, -150.0, -150.0, -150.0, -150.0, -150.0, -150.0, -150.0, -150.0, -150.0, -150.0, -150.0, -64.0, -150.0, -150.0, -150.0, -150.0, -150.0, -150.0, -150.0, -150.0, -150.0, -150.0, -78.0, -150.0, -150.0, -150.0, -150.0, -150.0, -150.0, -150.0, -150.0, -150.0, -150.0, -150.0, -150.0, -150.0, -150.0, -150.0, -102.0, -150.0, -150.0, -150.0, -150.0, -150.0, -141.0, -67.0, -150.0, -150.0, -150.0, -150.0, -150.0, -150.0, -150.0, -150.0, -150.0, -150.0, -150.0, -150.0, -150.0, -150.0, -150.0, -150.0, -150.0, -150.0, -150.0], "episode_types": ["t", "t", "t", "t", "t", "t", "t", "t", "t", "t", "t", "t", "t", "t", "t", "t", "t", "t", "t", "t", "t", "t", "t", "t", "t", "t", "t", "t", "t", "t", "t", "t", "t", "t", "t", "t", "t", "t", "t", "t", "t", "t", "t", "t", "t", "t", "t", "t", "t", "t", "t", "t", "t", "t", "t", "t", "t", "t", "t", "t", "t", "t", "t", "t", "t", "t", "t", "t", "t", "t", "t", "t", "t", "t", "t", "t", "t", "t", "t", "t", "t", "t", "t", "t", "t", "t", "t", "t", "t", "t", "t", "t", "t", "t", "t", "t", "t", "t", "t", "t", "t", "t", "t", "t", "t", "t", "t", "t", "t", "t", "t", "t", "t", "t", "t", "t", "t", "t", "t", "t", "t", "t", "t", "t", "t", "t", "t", "t", "t", "t", "t", "t", "t", "t", "t", "t", "t"]}