{"initial_reset_timestamp": 1669933319.9957325, "timestamps": [1669933320.2883105, 1669933320.5952127, 1669933320.8912158, 1669933321.198764, 1669933321.529077, 1669933321.8625147, 1669933322.1589282, 1669933326.8447688, 1669933327.1419888, 1669933327.448177, 1669933327.7561696, 1669933327.939512, 1669933328.2376812, 1669933328.5414066, 1669933328.8374827, 1669933333.307558, 1669933333.6041691, 1669933333.9095955, 1669933334.2249765, 1669933334.5183432, 1669933334.835421, 1669933335.1378684, 1669933335.4327404, 1669933348.0836918, 1669933348.3834703, 1669933348.6772628, 1669933348.972557, 1669933349.4638078, 1669933349.7716599, 1669933350.0775123, 1669933362.2930672, 1669933362.5882256, 1669933362.8855987, 1669933363.174083, 1669933363.477969, 1669933363.7642848, 1669933364.0496433, 1669933376.394712, 1669933376.701505, 1669933377.0058877, 1669933377.2954786, 1669933377.6042845, 1669933377.8923993, 1669933378.1666312, 1669933390.5265026, 1669933390.8298302, 1669933391.113451, 1669933391.3948314, 1669933391.7101822, 1669933392.0191698, 1669933392.3122103, 1669933404.5572019, 1669933404.8306673, 1669933405.1318924, 1669933405.4236887, 1669933405.6933641, 1669933405.9761157, 1669933406.26941, 1669933418.4889722, 1669933418.7817626, 1669933419.0785248, 1669933419.3775501, 1669933419.6359267, 1669933419.9312015, 1669933420.214392, 1669933432.7342765, 1669933433.020556, 1669933433.236233, 1669933433.5181906, 1669933433.808858, 1669933433.9687243, 1669933434.2704704, 1669933434.5660007, 1669933446.9310808, 1669933447.2288089, 1669933447.5213118, 1669933447.8161025, 1669933448.1174245, 1669933448.4132843, 1669933448.7131379, 1669933461.1082318, 1669933461.3986, 1669933461.6897132, 1669933461.9736345, 1669933462.2671344, 1669933462.5580237, 1669933462.8421676, 1669933475.2877078, 1669933475.591955, 1669933475.9093573, 1669933476.200429, 1669933476.4897435, 1669933476.7932084, 1669933477.1017482, 1669933489.312681, 1669933489.6085489, 1669933489.903311, 1669933490.1895907, 1669933490.485252, 1669933490.790458, 1669933491.089539, 1669933503.357501, 1669933503.6579018, 1669933503.9528303, 1669933504.2485926, 1669933504.7255538, 1669933505.0426767, 1669933505.2379754, 1669933505.5344381, 1669933517.7906365, 1669933518.084709, 1669933518.379806, 1669933518.6707518, 1669933518.9544644, 1669933519.236616, 1669933519.5567634, 1669933531.6699076, 1669933531.95717, 1669933532.2450297, 1669933532.5368576, 1669933532.8356705, 1669933533.1213224, 1669933533.4130983, 1669933550.8225393, 1669933551.1088686, 1669933551.3921044, 1669933551.6940968, 1669933551.9921775, 1669933552.28412, 1669933552.576803, 1669933564.932668, 1669933565.2416534, 1669933565.5449212, 1669933565.851904, 1669933566.1408956, 1669933566.431246, 1669933566.7241554, 1669933579.0003831, 1669933579.2967737, 1669933579.5974138, 1669933579.8606706, 1669933580.158098, 1669933580.4490418, 1669933580.75284, 1669933593.3397403, 1669933593.5571902, 1669933593.837299, 1669933594.1623728, 1669933594.4724183, 1669933594.765999, 1669933595.0580592, 1669933595.3636272, 1669933606.319562, 1669933606.6117432, 1669933606.9031203, 1669933607.1884122, 1669933607.4989538, 1669933607.8072722, 1669933608.0992122, 1669933618.817356, 1669933619.1037183, 1669933619.405824, 1669933619.7039075, 1669933620.0140448, 1669933620.3015988, 1669933620.5947986, 1669933620.8938591, 1669933631.6556847, 1669933631.958177, 1669933632.2495778, 1669933632.5559318, 1669933633.060596, 1669933633.347272, 1669933633.6461022, 1669933633.938715, 1669933644.6558309, 1669933644.949102, 1669933645.2495985, 1669933645.534891, 1669933645.851676, 1669933646.1722713, 1669933646.471713, 1669933657.236576, 1669933657.526811, 1669933657.8240156, 1669933658.1139581, 1669933658.427724, 1669933658.7253778, 1669933659.016585, 1669933669.8281689, 1669933670.0687861, 1669933670.3612254, 1669933670.6557093, 1669933670.9880059, 1669933671.2733386, 1669933671.5634499, 1669933682.5149882, 1669933682.8399167, 1669933683.1460063, 1669933683.4359357, 1669933683.7235003, 1669933684.022967, 1669933684.3159933, 1669933695.1151698, 1669933695.4106743, 1669933695.6963515, 1669933695.9919624, 1669933696.2854595, 1669933696.5743618, 1669933696.8713017, 1669933707.66458, 1669933707.9382885, 1669933708.222751, 1669933708.523756, 1669933708.8063967, 1669933709.0935194, 1669933709.3844173, 1669933720.2609868, 1669933720.5497012, 1669933720.8580346, 1669933721.139392, 1669933721.4277976, 1669933721.7277865, 1669933722.0116978, 1669933732.9833927, 1669933733.2690945, 1669933733.556864, 1669933733.8511295, 1669933734.1425714, 1669933734.4279242, 1669933734.7149382, 1669933745.5991416, 1669933745.8979712, 1669933746.1953118, 1669933746.4797733, 1669933746.644626, 1669933746.9461522, 1669933747.2444267, 1669933747.5455449, 1669933758.4710977, 1669933758.7667813, 1669933759.0514877, 1669933759.3630044, 1669933759.673009, 1669933759.9681711, 1669933760.2572374, 1669933771.0641606, 1669933771.354138, 1669933771.6497273, 1669933771.9423509, 1669933772.223966, 1669933772.5075042, 1669933772.7429256, 1669933783.9567885, 1669933784.5439663, 1669933785.0725498, 1669933785.509435, 1669933786.0050778, 1669933786.354825, 1669933786.8121371, 1669933787.2629035, 1669933801.470136, 1669933801.7864404, 1669933802.0876393, 1669933802.3780217, 1669933802.6852057, 1669933802.9916039, 1669933803.2810361, 1669933814.2060342, 1669933814.4921105, 1669933814.7440653, 1669933815.0334852, 1669933815.316283, 1669933815.6063442, 1669933815.8266556, 1669933816.110725, 1669933827.0542047, 1669933827.33717, 1669933827.63504, 1669933827.933775, 1669933828.233542, 1669933828.5478194, 1669933828.798756, 1669933839.774434, 1669933840.0758948, 1669933840.3605351, 1669933840.6455307, 1669933840.9347887, 1669933841.23328, 1669933841.5449038, 1669933852.3565335, 1669933852.645793, 1669933852.9338975, 1669933853.1499987, 1669933853.4282472, 1669933853.662994, 1669933853.950356, 1669933854.2399323, 1669933865.1131241, 1669933865.4286277, 1669933865.6449692, 1669933865.9478142, 1669933866.2223675, 1669933866.5108337, 1669933866.8010855, 1669933866.9605198, 1669933878.2044072, 1669933878.4999933, 1669933878.807773, 1669933879.1085236, 1669933879.4107845, 1669933879.7086785, 1669933879.9935389, 1669933891.0105524, 1669933891.2857342, 1669933891.5870953, 1669933891.8877614, 1669933892.1739085, 1669933892.4790065, 1669933892.7727454, 1669933893.0684593, 1669933904.0917475, 1669933904.3893297, 1669933904.7215536, 1669933905.0235016, 1669933905.3245947, 1669933905.650955, 1669933905.9500723, 1669933917.125806, 1669933917.4126747, 1669933917.712543, 1669933918.0192988, 1669933918.3236177, 1669933918.6164882, 1669933918.9072351, 1669933929.9053233, 1669933930.1945665, 1669933930.4781008, 1669933930.7874343, 1669933931.0777805, 1669933931.3784387, 1669933931.55922, 1669933932.0466366, 1669933943.1307874, 1669933943.4351761, 1669933943.6700692, 1669933943.9997375, 1669933944.299391, 1669933944.6151986, 1669933944.9068406, 1669933945.1778133, 1669933956.0824146, 1669933956.3773704, 1669933956.6898465, 1669933956.984038, 1669933957.27537, 1669933957.5679083, 1669933957.8786821, 1669933968.691834, 1669933968.9936237, 1669933969.282987, 1669933969.6042578, 1669933969.9289217, 1669933970.2354696, 1669933970.5291817],