{"initial_reset_timestamp": 1670093396.2000687, "timestamps": [1670093400.862963, 1670093401.0821662, 1670093401.2911649, 1670093401.5067585, 1670093401.7104688, 1670093402.0145602, 1670093402.2977762, 1670093402.5795999, 1670093402.834341, 1670093403.0986392, 1670093403.3959315, 1670093403.6684437, 1670093403.9331741, 1670093404.2104828, 1670093404.4919887, 1670093404.7529914, 1670093405.0141609, 1670093405.4711833, 1670093405.726929, 1670093405.9863946, 1670093411.5846534, 1670093411.854194, 1670093412.140697, 1670093412.404966, 1670093412.6746578, 1670093412.9455962, 1670093413.2032897, 1670093413.4821134, 1670093413.7476525, 1670093414.0035303, 1670093414.275284, 1670093414.5531142, 1670093414.9874244, 1670093415.2534432, 1670093415.5236566, 1670093415.7904158, 1670093416.0623524, 1670093416.3509872, 1670093416.6153922, 1670093416.890011, 1670093422.245594, 1670093422.9137845, 1670093423.6296628, 1670093424.5071065, 1670093425.1495678, 1670093425.801231, 1670093426.4801774, 1670093427.18612, 1670093427.8412342, 1670093428.5209785, 1670093428.8625615, 1670093429.537649, 1670093430.1903925, 1670093430.8425822, 1670093431.4853642, 1670093432.15215, 1670093432.7746265, 1670093433.4677267, 1670093434.1358867, 1670093434.968749, 1670093435.3278913, 1670093441.0142598, 1670093441.6996598, 1670093442.3615885, 1670093443.0224788, 1670093443.6963215, 1670093444.2421553, 1670093444.9268272, 1670093445.9732282, 1670093446.9950283, 1670093447.8121245, 1670093448.9950109, 1670093450.1702805, 1670093451.3597093, 1670093452.6120546, 1670093453.994533, 1670093455.0332425, 1670093456.0553458, 1670093457.1660092, 1670093458.2164626, 1670093459.0005116, 1670093459.3832345, 1670093460.065732, 1670093465.7363865, 1670093466.4091039, 1670093467.0671692, 1670093467.736332, 1670093468.6167738, 1670093469.2837029, 1670093469.8851364, 1670093470.5470111, 1670093471.2090456, 1670093471.8835833, 1670093472.5746288, 1670093473.2564132, 1670093473.90757, 1670093474.5650933, 1670093475.2143028, 1670093475.854441, 1670093476.544567, 1670093477.2023416, 1670093477.9030983, 1670093478.5970638, 1670093484.4401853, 1670093485.096807, 1670093485.7659998, 1670093486.4281619, 1670093487.1300452, 1670093487.8158927, 1670093488.489189, 1670093489.1806428, 1670093489.8601382, 1670093490.5273063, 1670093491.1976914, 1670093491.8485656, 1670093492.542648, 1670093493.2031326, 1670093494.0814126, 1670093494.766789, 1670093495.4363637, 1670093496.1009474, 1670093496.787571, 1670093497.486152, 1670093503.172493, 1670093503.8567488, 1670093504.5186317, 1670093505.1698506, 1670093505.863431, 1670093506.5376606, 1670093507.3861938, 1670093508.0662005, 1670093508.7216163, 1670093509.3992662, 1670093510.0701954, 1670093510.711203, 1670093511.3728912, 1670093512.0312257, 1670093512.69807, 1670093513.3701725, 1670093514.0331285, 1670093514.6954834, 1670093515.3658986, 1670093515.944478, 1670093521.9845512, 1670093522.6396704, 1670093523.3194213, 1670093524.0015502, 1670093524.6710122, 1670093525.3507543, 1670093525.9990442, 1670093526.6862583, 1670093527.3431613, 1670093527.9875362, 1670093528.639391, 1670093529.3075347, 1670093529.9663599, 1670093530.6362524, 1670093531.2802784, 1670093531.956222, 1670093532.6137362, 1670093533.2769983, 1670093533.9255726, 1670093534.6053483, 1670093540.3903992, 1670093541.0809994, 1670093541.7491047, 1670093542.4147003, 1670093543.080707, 1670093543.765116, 1670093544.4407194, 1670093545.108293, 1670093545.765883, 1670093546.4502008, 1670093547.151311, 1670093547.8304553, 1670093548.5143547, 1670093549.1842942, 1670093550.021881, 1670093550.7076898, 1670093551.3802457, 1670093552.0480125, 1670093552.4879978, 1670093553.1770976, 1670093558.8314145, 1670093559.5150766, 1670093560.168171, 1670093560.8136122, 1670093561.485649, 1670093562.1105478, 1670093562.940649, 1670093563.6036918, 1670093564.2612069, 1670093564.9090521, 1670093565.562808, 1670093566.231709, 1670093566.8809953, 1670093567.5380528, 1670093568.1984277, 1670093568.8580916, 1670093569.5471392, 1670093570.201027, 1670093570.851584, 1670093571.5199347, 1670093577.1195607, 1670093577.9814632, 1670093578.6979928, 1670093579.3836267, 1670093580.040366, 1670093580.7064116, 1670093581.3778389, 1670093582.054931, 1670093582.745842, 1670093583.432389, 1670093584.1180565, 1670093584.8059716, 1670093585.4621491, 1670093586.1181686, 1670093586.7901165, 1670093587.4712574, 1670093588.1187174, 1670093588.7836723, 1670093589.4597514, 1670093590.1195986, 1670093595.928818, 1670093596.6048093, 1670093597.2917385, 1670093597.9608119, 1670093598.6446743, 1670093599.329316, 1670093600.017518, 1670093600.6752703, 1670093601.3490446, 1670093602.022023, 1670093602.702699, 1670093603.3707159, 1670093604.021688, 1670093604.6959252, 1670093605.3587599, 1670093606.1903596, 1670093606.8472729, 1670093607.5613382, 1670093608.2322505, 1670093608.8687098, 1670093614.7106273, 1670093615.385416, 1670093616.0556798, 1670093616.7378516, 1670093617.4331067, 1670093618.0886257, 1670093618.7544596, 1670093619.4296792, 1670093620.2715995, 1670093620.8334522, 1670093621.5067945, 1670093622.1542742, 1670093622.8320143, 1670093623.5225575, 1670093624.2088935, 1670093624.915039, 1670093625.3088317, 1670093625.9910839, 1670093626.6615212, 1670093627.3302402, 1670093627.9932613, 1670093633.711562, 1670093634.3704402, 1670093635.0573914, 1670093635.7146392, 1670093636.3918002, 1670093637.0398946, 1670093637.7359765, 1670093638.4081676, 1670093638.9402654, 1670093639.6001313, 1670093640.266106, 1670093640.924891, 1670093641.5934803, 1670093642.2507334, 1670093642.9159636, 1670093643.7526546, 1670093644.418929, 1670093645.1056685, 1670093645.7451324, 1670093646.423659, 1670093651.977446, 1670093652.595143, 1670093653.2658138, 1670093653.9039233, 1670093654.5709658, 1670093655.2544653, 1670093655.904822, 1670093656.7471998, 1670093657.4191887, 1670093658.1095562, 1670093658.7853959, 1670093659.282374, 1670093659.9748285, 1670093660.6474133, 1670093661.3343942, 1670093661.998551, 1670093662.6639092, 1670093663.3369982, 1670093663.9912012, 1670093664.6855762, 1670093665.3923914, 1670093671.105511, 1670093671.9511607, 1670093672.6463718, 1670093673.2892094, 1670093673.96809, 1670093674.6583915, 1670093675.332152, 1670093676.0204668, 1670093676.6858597, 1670093677.3394053, 1670093678.0073588, 1670093678.690954, 1670093679.3435583, 1670093680.0389898, 1670093680.4808517, 1670093681.136598, 1670093681.7518368, 1670093682.423577, 1670093683.0932024, 1670093683.7456686, 1670093689.509252, 1670093690.1912467, 1670093690.841877, 1670093691.4979527, 1670093692.1599038, 1670093692.8344193, 1670093693.4842112, 1670093694.1399713, 1670093694.792518, 1670093695.4652796, 1670093696.123016, 1670093696.7762053, 1670093697.443122, 1670093698.1076212, 1670093698.7644048, 1670093699.5514207, 1670093700.2350993, 1670093700.8898985, 1670093701.552682, 1670093702.2128305, 1670093707.7671957, 1670093708.4377906, 1670093709.098975, 1670093709.3612356, 1670093710.0343502, 1670093710.7002234, 1670093711.3379312, 1670093711.9926586, 1670093712.6790664, 1670093713.5292277, 1670093714.1617298, 1670093714.7854173, 1670093715.3172693, 1670093715.9622953, 1670093716.6593888, 1670093717.3070486, 1670093717.8193364, 1670093718.5086606, 1670093719.1613977, 1670093719.8150022, 1670093720.4969873, 1670093721.1576133, 1670093726.7395682, 1670093727.418763, 1670093728.2910025, 1670093728.9713657, 1670093729.639446, 1670093730.3059611, 1670093730.968579, 1670093731.5296242, 1670093732.6208918, 1670093733.7611532, 1670093734.8482485, 1670093735.9691024, 1670093736.73199, 1670093737.890191, 1670093739.0190496, 1670093740.071698, 1670093741.156248, 1670093742.205816, 1670093743.4804025, 1670093744.5191321, 1670093745.4394524, 1670093751.0350192, 1670093751.6885638, 1670093752.3616817, 1670093753.0308874, 1670093753.694307, 1670093754.3697565, 1670093755.0238824, 1670093755.723206, 1670093756.3883684, 1670093757.0691075, 1670093757.7294323, 1670093758.5809875, 1670093759.2329028, 