{"initial_reset_timestamp": 1669913662.1887183, "timestamps": [1669913664.423576, 1669913664.869131, 1669913665.4527993, 1669913666.0102262, 1669913666.5294795], "episode_lengths": [150, 150, 150, 150, 150], "episode_rewards": [-150.0, -150.0, -150.0, -150.0, -150.0], "episode_types": ["t", "t", "t", "t", "t", "t"]}