{"initial_reset_timestamp": 1669913218.0497277, "timestamps": [1669913219.9683468, 1669913220.4059165, 1669913220.9702303, 1669913221.5346725, 1669913222.0854151, 1669913222.6125839, 1669913225.48662, 1669913226.014563, 1669913226.5434885, 1669913227.076376, 1669913227.6029341, 1669913228.1283247, 1669913228.6598198], "episode_lengths": [150, 150, 150, 150, 150, 150, 150, 150, 150, 150, 150, 150, 150], "episode_rewards": [-150.0, -150.0, -150.0, -150.0, -150.0, -150.0, -150.0, -150.0, -150.0, -150.0, -150.0, -150.0, -150.0], "episode_types": ["t", "t", "t", "t", "t", "t", "t", "t", "t", "t", "t", "t", "t", "t"]}