{"initial_reset_timestamp": 1669913662.2922332, "timestamps": [1669913662.5358872, 1669913662.758636, 1669913662.987314, 1669913663.4804282, 1669913663.7254682, 1669913663.9418468, 1669913664.1457863], "episode_lengths": [150, 150, 150, 150, 150, 150, 150], "episode_rewards": [-150.0, -150.0, -150.0, -150.0, -150.0, -150.0, -150.0], "episode_types": ["t", "t", "t", "t", "t", "t", "t"]}