{"initial_reset_timestamp": 1669913218.1560588, "timestamps": [1669913218.3769205, 1669913218.5924652, 1669913218.81688, 1669913219.0296745, 1669913219.253642, 1669913219.4727626, 1669913219.7047732, 1669913224.0154939, 1669913224.2341514, 1669913224.4474607, 1669913224.6604614, 1669913224.8935466, 1669913225.1013463, 1669913225.3318505, 1669913229.9510472, 1669913230.171549, 1669913230.396994, 1669913230.6271412, 1669913230.855857, 1669913231.0868745, 1669913231.3012366], "episode_lengths": [150, 150, 150, 150, 150, 150, 150, 150, 150, 150, 150, 150, 150, 150, 150, 150, 150, 150, 150, 150, 150], "episode_rewards": [-150.0, -150.0, -150.0, -150.0, -150.0, -150.0, -150.0, -150.0, -150.0, -150.0, -150.0, -150.0, -150.0, -150.0, -150.0, -150.0, -150.0, -150.0, -150.0, -150.0, -150.0], "episode_types": ["t", "t", "t", "t", "t", "t", "t", "t", "t", "t", "t", "t", "t", "t", "t", "t", "t", "t", "t", "t", "t"]}