{"initial_reset_timestamp": 1669912437.4876688, "timestamps": [1669912439.532865, 1669912439.9940636, 1669912440.5846033, 1669912441.121595, 1669912441.642708, 1669912442.1757479, 1669912445.045149, 1669912445.5536668, 1669912446.0881274, 1669912446.609762, 1669912447.125052, 1669912447.6432378, 1669912448.156172], "episode_lengths": [150, 150, 150, 150, 150, 150, 150, 150, 150, 150, 144, 150, 150], "episode_rewards": [-150.0, -150.0, -150.0, -150.0, -150.0, -150.0, -150.0, -150.0, -150.0, -150.0, -143.0, -150.0, -150.0], "episode_types": ["t", "t", "t", "t", "t", "t", "t", "t", "t", "t", "t", "t", "t", "t"]}