{"initial_reset_timestamp": 1669912437.624642, "timestamps": [1669912437.8779328, 1669912438.105651, 1669912438.3329895, 1669912438.5712838, 1669912438.8016193, 1669912439.0299425, 1669912439.2501361, 1669912443.5956554, 1669912443.818216, 1669912444.0298529, 1669912444.246005, 1669912444.4604874, 1669912444.669919, 1669912444.9008772, 1669912449.6485212, 1669912449.917342, 1669912450.1361704, 1669912450.3497236, 1669912450.568797, 1669912450.792729, 1669912451.020406], "episode_lengths": [150, 150, 150, 150, 150, 150, 150, 150, 150, 150, 150, 150, 150, 150, 150, 150, 150, 150, 150, 150, 150], "episode_rewards": [-150.0, -150.0, -150.0, -150.0, -150.0, -150.0, -150.0, -150.0, -150.0, -150.0, -150.0, -150.0, -150.0, -150.0, -150.0, -150.0, -150.0, -150.0, -150.0, -150.0, -150.0], "episode_types": ["t", "t", "t", "t", "t", "t", "t", "t", "t", "t", "t", "t", "t", "t", "t", "t", "t", "t", "t", "t", "t"]}