{"initial_reset_timestamp": 1669915443.059893, "timestamps": [1669915445.4847884, 1669915445.9522278, 1669915446.5257266, 1669915447.0671754, 1669915447.6049755, 1669915448.1370883, 1669915451.2318325, 1669915451.7725823, 1669915452.2934275, 1669915452.8289847, 1669915453.3414314, 1669915453.8553631, 1669915454.3591013, 1669915457.9217014, 1669915459.445098, 1669915461.0165305, 1669915462.5617728, 1669915464.1123822, 1669915465.6454463, 1669915467.178705, 1669915471.2555172, 1669915472.815184, 1669915474.6077526, 1669915476.7423818, 1669915479.0070019, 1669915481.1407135, 1669915485.2191763, 1669915486.7556922, 1669915488.6661735, 1669915490.854196, 1669915493.1911933, 1669915495.1632776, 1669915496.6913426, 1669915500.7289548, 1669915502.3234956, 1669915503.8535216, 1669915505.373801, 1669915506.9230516, 1669915508.4531448, 1669915509.972388, 1669915513.8979182, 1669915515.6568549, 1669915517.169037, 1669915518.6843286, 1669915520.217535, 1669915521.7960687, 1669915525.7139707, 1669915527.2258542, 1669915528.7806187, 1669915530.316338, 1669915531.9053001, 1669915533.4304035, 1669915534.9465506, 1669915538.9389162, 1669915540.4412827, 1669915542.0028355, 1669915543.585105, 1669915545.101728, 1669915546.6776998, 1669915548.2214165, 1669915552.392552, 1669915553.9351208, 1669915555.495602, 1669915557.0409079, 1669915558.5897596, 1669915560.1603794, 1669915564.2260082, 1669915565.7762344, 1669915567.3081543, 1669915568.84908, 1669915570.3903356, 1669915571.9623978, 1669915573.5186536, 1669915577.4430192, 1669915578.9785426, 1669915580.4923553, 1669915582.0183816, 1669915583.56324, 1669915585.0915735, 1669915586.8557606, 1669915590.85558, 1669915592.4000814, 1669915593.9274197, 1669915595.4712763, 1669915597.016699, 1669915598.5015123, 1669915602.4386039, 1669915604.0222657, 1669915604.4086342, 1669915605.9331727, 1669915607.4550514, 1669915608.9757764, 1669915610.5425377, 1669915612.071819, 1669915616.092197, 1669915617.649225, 1669915619.174539, 1669915620.947973, 1669915622.4906788, 1669915624.0117235, 1669915628.0606487, 1669915629.5612001, 1669915631.098067, 1669915632.6138055, 1669915634.146791, 1669915635.708523, 1669915637.282278, 1669915641.256881, 1669915642.8049414, 1669915643.825323, 1669915645.4029765, 1669915646.9791002, 1669915648.4868898, 1669915650.0724318, 1669915654.2149837, 1669915655.805533, 1669915657.319741, 1669915658.8545167, 1669915659.4686062, 1669915661.0248115, 1669915662.5703816, 1669915666.5105667, 1669915668.0252926, 1669915669.543401, 1669915671.0611544, 1669915672.6094434, 1669915674.1076686, 1669915675.6135888, 1669915679.5391495, 1669915681.0792842, 1669915682.5933821, 1669915684.08956, 1669915685.658458, 1669915687.2731533, 1669915688.7779562, 1669915692.8851311, 1669915694.448519, 1669915696.0036163, 1669915697.5817728, 1669915699.1680596, 1669915700.6891203, 1669915704.5648096, 1669915706.0854373, 1669915707.6208196, 1669915709.19272, 1669915710.7572877, 1669915712.2902994, 1669915714.367295, 1669915720.1911993, 1669915722.2356985, 1669915724.41576, 1669915726.8101778, 1669915728.6903336, 1669915730.2058804, 1669915731.7416742, 1669915735.9496713, 1669915737.469604, 1669915739.0137746, 1669915740.5678968, 1669915742.092215, 1669915743.6050162, 1669915747.610996, 1669915749.124898, 1669915750.6264818, 1669915752.1318827, 1669915753.6499307, 1669915755.1650274, 1669915756.696597, 1669915760.833389, 1669915762.344593, 1669915763.85847, 1669915765.3662553, 1669915766.8793983, 1669915768.413197, 1669915770.0468626, 1669915773.9589186, 1669915775.4909992, 1669915777.0072668, 1669915778.595932, 1669915780.150078, 1669915781.6724217, 1669915785.5643814, 1669915787.1438699, 1669915788.6850863, 1669915790.2051725, 1669915791.7553248, 1669915793.293996, 1669915794.8583198, 1669915798.9682872, 1669915800.4719532, 1669915802.0053976, 1669915803.5352852, 1669915805.0563242, 1669915806.5814967, 1669915808.1851099, 1669915812.138534, 1669915813.6560788, 1669915815.18845, 1669915816.7018816, 1669915818.2177944, 1669915819.7056394, 1669915823.6042104, 1669915825.13295, 1669915826.634505, 1669915828.1926901, 1669915829.7090235, 1669915831.3281722, 1669915832.816884, 1669915836.9541717, 1669915838.4971268, 1669915840.0216897, 1669915841.5579507, 1669915843.1269271, 1669915844.6836731, 1669915846.2186306, 1669915850.1894257, 1669915851.7434042, 1669915853.2579105, 1669915854.7740602, 1669915856.3069904, 1669915857.8400433, 1669915861.7745075, 1669915863.2838066, 1669915864.8232663, 1669915866.3189983, 1669915867.8316357, 1669915869.4314137, 1669915870.9549108, 1669915875.1071196, 1669915876.610845, 1669915878.1289377, 1669915879.6557698, 1669915881.1665556, 1669915882.7064366, 1669915884.213022, 1669915888.1114507, 1669915889.643858, 1669915891.2188988, 1669915892.760531, 1669915894.282542, 1669915895.837151, 1669915899.7968302, 1669915901.3136575, 1669915902.8365588, 1669915904.4078984, 1669915905.9301672, 1669915907.4877512, 1669915909.0269291, 1669915913.1471903, 1669915914.6785839, 1669915916.2115335, 1669915917.722159, 1669915919.266197, 1669915920.8059387, 1669915922.3272893, 1669915926.2081034, 1669915927.706334, 1669915929.2011032, 1669915930.8143935, 1669915932.3298934, 1669915933.854493, 1669915937.7792995, 1669915939.2710958, 1669915940.7748797, 1669915942.2930515, 1669915943.806889, 1669915945.3826332, 1669915946.9388196, 1669915951.1682422, 1669915952.7199175, 1669915954.6195755, 1669915956.801479, 1669915959.2244506, 1669915961.9730024, 1669915964.1661496, 1669915969.1059391, 1669915970.6393702, 1669915972.1328132, 1669915973.6370215, 1669915975.155348, 1669915976.7303112, 1669915980.6589086, 1669915982.2252102, 1669915983.7186623, 1669915985.2665834, 1669915986.827813, 1669915988.3396306, 1669915989.8671443, 1669915994.065779, 1669915995.5943742, 1669915997.158327, 1669915998.753009, 1669916000.2981236, 1669916001.8201566, 1669916003.3390238, 1669916007.2423499, 1669916008.7442467, 1669916010.2572947, 1669916011.832121, 1669916013.3259869, 1669916014.8342888, 1669916018.8138418, 1669916020.3407476, 1669916021.9505453, 1669916023.561552, 1669916025.1470807, 1669916026.738871, 1669916028.3277237, 1669916032.6331444, 1669916034.1808655, 1669916035.7700353, 1669916037.3210864, 1669916038.901431, 1669916040.4318142, 1669916041.9980476, 1669916045.9681907, 1669916047.5268922, 1669916049.061947, 1669916050.6020143, 1669916052.2487373, 1669916053.799162, 1669916057.7767255, 1669916059.3356712, 1669916060.8953414, 1669916062.4211583, 1669916063.994403, 1669916065.5572186, 1669916067.1297328, 1669916071.3284984, 1669916072.912422, 1669916074.4236968, 1669916075.952711, 1669916077.4859607, 1669916079.016881, 1669916080.5225005],