{"initial_reset_timestamp": 1669915443.16349, "timestamps": [1669915443.4743094, 1669915444.0389135, 1669915444.273089, 1669915444.498609, 1669915444.7304323, 1669915444.9493728, 1669915445.197235, 1669915449.7686963, 1669915449.9775934, 1669915450.1918707, 1669915450.41797, 1669915450.645268, 1669915450.8718028, 1669915451.0846322, 1669915455.6189919, 1669915455.8285594, 1669915456.0446546, 1669915456.2649927, 1669915456.4835074, 1669915456.7176387, 1669915456.9425895, 1669915468.3426917, 1669915468.5703146, 1669915468.810409, 1669915469.0420861, 1669915469.286369, 1669915469.5154645, 1669915469.7684052, 1669915483.4428747, 1669915483.6700673, 1669915483.890178, 1669915484.0950415, 1669915484.3148777, 1669915484.5375862, 1669915484.752475, 1669915498.3176053, 1669915498.5424545, 1669915498.7663586, 1669915498.9929159, 1669915499.2220898, 1669915499.4496543, 1669915499.6740596, 1669915511.118952, 1669915511.3410451, 1669915511.5610943, 1669915511.7798083, 1669915512.0065103, 1669915512.2363029, 1669915512.4586506, 1669915523.875634, 1669915524.096053, 1669915524.3253586, 1669915524.556799, 1669915524.7832012, 1669915525.0073588, 1669915525.2194269, 1669915536.5589468, 1669915536.7998602, 1669915537.0256672, 1669915537.2421775, 1669915537.4738302, 1669915537.7312977, 1669915537.9597924, 1669915549.5929506, 1669915549.81459, 1669915550.0355763, 1669915550.2535415, 1669915550.4803393, 1669915550.704825, 1669915550.9450889, 1669915562.3946962, 1669915562.622959, 1669915562.845757, 1669915563.0609045, 1669915563.2894742, 1669915563.5144424, 1669915563.7337916, 1669915575.1485517, 1669915575.3681674, 1669915575.6120558, 1669915575.8293524, 1669915576.0406299, 1669915576.2608993, 1669915576.4863763, 1669915587.9983985, 1669915588.2121618, 1669915588.435615, 1669915588.6722736, 1669915588.9092615, 1669915589.1274283, 1669915589.3558383, 1669915600.6105936, 1669915600.836215, 1669915601.0619028, 1669915601.2762809, 1669915601.4933188, 1669915601.7197328, 1669915601.9389462, 1669915613.4109228, 1669915613.6550467, 1669915613.8872905, 1669915614.1196594, 1669915614.351461, 1669915614.5848372, 1669915614.807514, 1669915626.4086294, 1669915626.6463642, 1669915626.8802803, 1669915627.1212041, 1669915627.3397987, 1669915627.569803, 1669915627.7792747, 1669915639.0870214, 1669915639.322097, 1669915639.5398557, 1669915639.7754703, 1669915640.028117, 1669915640.2528508, 1669915640.473721, 1669915652.1108344, 1669915652.3301115, 1669915652.5511396, 1669915652.7652774, 1669915652.9876432, 1669915653.2285678, 1669915653.4489167, 1669915664.8749044, 1669915665.090701, 1669915665.3068647, 1669915665.533147, 1669915665.7727125, 1669915666.0123498, 1669915666.2221425, 1669915677.4140148, 1669915677.6435819, 1669915677.871039, 1669915678.0990958, 1669915678.3177137, 1669915678.5360105, 1669915678.7738874, 1669915690.3008525, 1669915690.5210042, 1669915690.7493818, 1669915690.9799943, 1669915691.1931343, 1669915691.4176533, 1669915691.6353312, 1669915702.9532106, 1669915703.1767485, 1669915703.3960845, 1669915703.619123, 1669915703.8346102, 1669915704.050104, 1669915704.269049, 1669915717.1723576, 1669915717.5188458, 1669915717.8598611, 1669915718.1943824, 1669915718.5320683, 1669915718.897321, 1669915719.2384806, 1669915733.3157883, 1669915733.5414689, 1669915733.7686703, 1669915733.9890532, 1669915734.2251582, 1669915734.4559424, 1669915734.6808865, 1669915745.9165082, 1669915746.1318893, 1669915746.3684082, 1669915746.629927, 1669915746.8693824, 1669915747.0934882, 1669915747.3049884, 1669915758.5346985, 1669915758.7652266, 1669915758.9888952, 1669915759.2076557, 1669915759.644599, 1669915759.86872, 1669915760.0836525, 1669915771.378821, 1669915771.5889022, 1669915771.8222024, 1669915772.049684, 1669915772.270928, 1669915772.4964862, 1669915772.727295, 1669915783.9688215, 1669915784.1823285, 1669915784.4079735, 1669915784.6301765, 1669915784.8494449, 1669915785.0656688, 1669915785.2770252, 1669915796.6530752, 1669915796.8708506, 1669915797.3009121, 1669915797.5310435, 1669915797.7571304, 1669915797.9850385, 1669915798.1996298, 1669915809.5361636, 1669915809.7689743, 1669915810.0150955, 1669915810.2244272, 1669915810.4481199, 1669915810.668621, 1669915810.900433, 1669915821.9838934, 1669915822.2060096, 1669915822.4185903, 1669915822.6360133, 1669915822.8688045, 1669915823.087569, 1669915823.3101535, 1669915834.8198607, 1669915835.058336, 1669915835.279626, 1669915835.50207, 1669915835.733334, 1669915835.9537408, 1669915836.1755462, 1669915847.5526419, 1669915847.7832026, 1669915848.0278313, 1669915848.2477407, 1669915848.4681358, 1669915848.704184, 1669915848.9364278, 1669915860.1180973, 1669915860.3386488, 1669915860.5692797, 1669915860.798174, 1669915861.0319483, 1669915861.24768, 1669915861.4687986, 1669915872.9888904, 1669915873.2096353, 1669915873.4228697, 1669915873.6503673, 1669915873.8903675, 1669915874.1150515, 1669915874.3388407, 1669915885.522448, 1669915885.7463706, 1669915885.9681296, 1669915886.1783686, 1669915886.4030871, 1669915886.643331, 1669915886.866924, 1669915898.1722074, 1669915898.3879766, 1669915898.6103175, 1669915898.8289294, 1669915899.0606809, 1669915899.2896845, 1669915899.4939203, 1669915911.0557067, 1669915911.2628262, 1669915911.4865463, 1669915911.6956062, 1669915911.9307492, 1669915912.148376, 1669915912.3710785, 1669915923.6477685, 1669915923.8692124, 1669915924.0863922, 1669915924.3046317, 1669915924.5275872, 1669915924.745285, 1669915924.9621232, 1669915936.1484554, 1669915936.3494735, 1669915936.5823617, 1669915936.804315, 1669915937.0362284, 1669915937.258895, 1669915937.4889045, 1669915948.9764047, 1669915949.1917508, 1669915949.4246197, 1669915949.647925, 1669915949.8968775, 1669915950.1229954, 1669915950.337607, 1669915966.2870767, 1669915966.6637897, 1669915967.0054014, 1669915967.224399, 1669915967.4402945, 1669915967.6601734, 1669915967.8770142, 1669915979.035702, 1669915979.2531273, 1669915979.468943, 1669915979.7057085, 1669915979.937247, 1669915980.158819, 1669915980.374323, 1669915991.998309, 1669915992.1981003, 1669915992.4058, 1669915992.6215663, 1669915992.85505, 1669915993.0781376, 1669915993.2890418, 1669916004.68327, 1669916004.9067016, 1669916005.1176965, 1669916005.3363452, 1669916005.5618792, 1669916005.7773194, 1669916005.9982147, 1669916017.1586552, 1669916017.3795638, 1669916017.6206377, 1669916017.8404613, 1669916018.0705001, 1669916018.29176, 1669916018.5259838, 1669916030.4397128, 1669916030.6814134, 1669916030.9189217, 1669916031.1460915, 1669916031.3674998, 1669916031.6016827, 1669916031.8366566, 1669916043.3396585, 1669916043.544105, 1669916043.7738576, 1669916044.003501, 1669916044.234383, 1669916044.4459844, 1669916044.6766837, 1669916056.1070204, 1669916056.3347719, 1669916056.5596275, 1669916056.7887282, 1669916057.023508, 1669916057.2489188, 1669916057.4799614, 1669916069.1681523, 1669916069.395613, 1669916069.6502745, 1669916069.875441, 1669916070.0910356, 1669916070.3064868, 1669916070.5286613],