{"initial_reset_timestamp": 1670007417.0326421, "timestamps": [1670007417.4541352, 1670007417.7851677, 1670007418.1133077, 1670007418.4625733, 1670007418.7982924, 1670007419.124663, 1670007419.4689703, 1670007424.4742517, 1670007424.828097, 1670007425.1706717, 1670007425.5152757, 1670007425.7181287, 1670007426.0428238, 1670007426.3931258, 1670007426.7297764, 1670007432.3251777, 1670007432.6526701, 1670007432.9843287, 1670007433.3214092, 1670007433.656177, 1670007433.9910135, 1670007434.3386912, 1670007434.67643, 1670007448.2064402, 1670007448.5487928, 1670007448.8830488, 1670007449.2152545, 1670007449.7186017, 1670007450.0532002, 1670007450.413195, 1670007463.842068, 1670007464.1824505, 1670007464.510277, 1670007464.8427906, 1670007465.173616, 1670007465.5335076, 1670007465.8719974, 1670007479.3199875, 1670007479.6463084, 1670007479.9740674, 1670007480.2988315, 1670007480.6323404, 1670007480.9658039, 1670007481.2989202, 1670007494.925357, 1670007495.2701545, 1670007495.6093156, 1670007495.9354906, 1670007496.2937548, 1670007496.62515, 1670007496.949081, 1670007510.3251386, 1670007510.6459455, 1670007510.989619, 1670007511.331109, 1670007511.6605885, 1670007511.9915001, 1670007512.3352525, 1670007525.957528, 1670007526.2881122, 1670007526.6297915, 1670007526.974292, 1670007527.2911768, 1670007527.6122866, 1670007527.9501755, 1670007541.4674954, 1670007541.8082588, 1670007542.06267, 1670007542.436911, 1670007542.7697985, 1670007542.9446218, 1670007543.2831407, 1670007543.6096106, 1670007557.0898736, 1670007557.4438553, 1670007557.7827313, 1670007558.1311727, 1670007558.475834, 1670007558.8107347, 1670007559.133728, 1670007572.9528396, 1670007573.286177, 1670007573.6269217, 1670007573.9534836, 1670007574.28817, 1670007574.635483, 1670007574.967177, 1670007588.5251243, 1670007588.8498442, 1670007589.2004254, 1670007589.5453417, 1670007589.8755822, 1670007590.2207549, 1670007590.5713327, 1670007604.0317242, 1670007604.3865898, 1670007604.727012, 1670007605.0778813, 1670007605.5856998, 1670007605.91066, 1670007606.2511547, 1670007619.834795, 1670007620.1804802, 1670007620.5163171, 1670007620.852058, 1670007621.1994238, 1670007621.5341623, 1670007621.7545354, 1670007622.1036797, 1670007635.447723, 1670007635.7811725, 1670007636.1176338, 1670007636.4642003, 1670007636.784365, 1670007637.1180792, 1670007637.46544, 1670007651.2176526, 1670007651.5485976, 1670007651.8888223, 1670007652.240246, 1670007652.572182, 1670007652.9082046, 1670007653.2453356, 1670007666.7537267, 1670007667.0880837, 1670007667.4180777, 1670007667.7414541, 1670007668.081309, 1670007668.4328883, 1670007668.7756405, 1670007682.0570335, 1670007682.4030778, 1670007682.7428865, 1670007683.0903487, 1670007683.4325411, 1670007683.7686858, 1670007684.0955377, 1670007698.49752, 1670007699.154216, 1670007699.7156963, 1670007700.2885609, 1670007700.7502635, 1670007701.2345722, 1670007701.7928216, 1670007718.80821, 1670007719.0535047, 1670007719.3919115, 1670007719.7360978, 1670007720.07167, 1670007720.3957665, 1670007720.734324, 1670007721.0833948, 1670007732.868644, 1670007733.1864903, 1670007733.534917, 1670007733.877719, 1670007734.2071316, 1670007734.5381281, 1670007734.871052, 1670007746.4750583, 1670007746.7970362, 1670007747.1312003, 1670007747.4572897, 1670007747.7875025, 1670007748.12102, 1670007748.4585698, 1670007748.7923942, 1670007760.404227, 1670007760.732776, 1670007761.0601418, 1670007761.3882349, 1670007761.7251623, 1670007762.036618, 1670007762.374614, 1670007762.7063744, 1670007774.4666016, 1670007774.802009, 1670007775.1378813, 1670007775.4902408, 1670007775.8279467, 1670007776.1628857, 1670007776.494144, 1670007788.3228006, 1670007788.6550102, 1670007788.9753697, 1670007789.3283272, 1670007789.6534078, 1670007789.977588, 1670007790.3293643, 1670007801.9585137, 1670007802.2277145, 1670007802.5699265, 1670007802.900056, 1670007803.2370286, 1670007803.578216, 1670007803.8992076, 1670007815.54446, 1670007815.8790822, 1670007816.207382, 1670007816.541912, 1670007816.8765364, 1670007817.2166326, 1670007817.5669415, 1670007829.1510375, 1670007829.4747121, 1670007829.8012414, 1670007830.1523943, 1670007830.477212, 1670007830.8165612, 1670007831.1544309, 1670007843.078465, 1670007843.4054735, 1670007843.7421467, 1670007844.0772305, 1670007844.4261017, 1670007844.7488236, 1670007845.068822, 1670007856.7867324, 1670007857.1231203, 1670007857.470743, 1670007857.8160179, 1670007858.1432655, 1670007858.5008342, 1670007858.8221126, 1670007870.738098, 1670007871.072299, 1670007871.4065835, 1670007871.7401657, 1670007872.0808556, 1670007872.4239068, 1670007872.7499745, 1670007884.662533, 1670007885.0188375, 1670007885.3606412, 1670007885.6915824, 1670007885.872598, 1670007886.218321, 1670007886.5594654, 1670007886.8969693, 1670007898.6189404, 1670007898.936217, 1670007899.2767954, 1670007899.6048756, 1670007899.9290912, 1670007900.2572796, 1670007900.6281276, 1670007912.3201454, 1670007912.6649992, 1670007913.0246792, 1670007913.3469095, 1670007913.6957562, 1670007914.0309162, 1670007914.2965257, 1670007926.1661727, 1670007926.4986835, 1670007926.8292909, 1670007927.1516428, 1670007927.4783103, 1670007927.701188, 1670007928.0283105, 1670007928.5537019, 1670007940.1624384, 1670007940.492204, 1670007940.8202121, 1670007941.1410694, 1670007941.4879315, 1670007941.8167148, 1670007942.1585596, 1670007953.8329563, 1670007954.1525257, 1670007954.4342058, 1670007954.7614036, 1670007955.0789094, 1670007955.4292254, 1670007955.676219, 1670007956.006713, 1670007967.6033428, 1670007967.9263525, 1670007968.2627761, 1670007968.5908594, 1670007968.920948, 1670007969.252278, 1670007969.534194, 1670007981.3698702, 1670007981.6959462, 1670007982.0152981, 1670007982.359249, 1670007982.6951182, 1670007983.0256157, 1670007983.371617, 1670007995.050663, 1670007995.348872, 1670007995.6757228, 1670007995.92821, 1670007996.2692142, 1670007996.5077689, 1670007996.8408096, 1670007997.1787448, 1670008011.4077826, 1670008011.9190872, 1670008012.3501754, 1670008012.8679254, 1670008013.361521, 1670008013.861555, 1670008014.3656788, 1670008014.6420465, 1670008027.5226204, 1670008027.8816278, 1670008028.203061, 1670008028.5378911, 1670008029.0525115, 1670008029.3801975, 1670008029.7104988, 1670008041.2811246, 1670008041.5718794, 1670008041.8995185, 1670008042.2358942, 1670008042.5803313, 1670008042.910528, 1670008043.24232, 1670008043.5623183, 1670008055.1687155, 1670008055.5162685, 1670008055.8398254, 1670008056.1693337, 1670008056.516231, 1670008056.8480508, 1670008057.187323, 1670008068.8400915, 1670008069.1626399, 1670008069.4811797, 1670008069.8228886, 1670008070.1679387, 1670008070.4972472, 1670008070.8386958, 1670008082.8568187, 1670008083.191904, 1670008083.513894, 1670008083.8261933, 1670008084.157071, 1670008084.472063, 1670008084.6900568, 1670008085.0241609, 1670008096.5954633, 1670008096.925891, 1670008097.1722014, 1670008097.514418, 1670008097.850285, 1670008098.1956155, 1670008098.5497022, 1670008098.85609, 1670008110.5403543, 1670008110.8670194, 1670008111.1859844, 1670008111.527381, 1670008111.8605473, 1670008112.1926227, 1670008112.5443375, 1670008124.2034507, 1670008124.532287, 1670008124.8859208, 1670008125.2262423, 1670008125.5446048, 1670008125.8620405, 1670008126.192156],