{"initial_reset_timestamp": 1670007416.9119816, "timestamps": [1670007419.754617, 1670007420.2648597, 1670007420.9148347, 1670007421.5017974, 1670007422.2633562, 1670007422.8471267, 1670007426.8965147, 1670007427.4632764, 1670007428.0343142, 1670007428.6214764, 1670007429.1927023, 1670007429.683195, 1670007430.3300722, 1670007435.5613544, 1670007437.4429278, 1670007439.293133, 1670007441.1365356, 1670007443.0131128, 1670007444.8323112, 1670007446.6197286, 1670007451.8651829, 1670007453.689234, 1670007455.5348296, 1670007457.3870432, 1670007459.2114036, 1670007461.0364957, 1670007466.165307, 1670007468.0106747, 1670007469.8168745, 1670007471.6455758, 1670007473.4703777, 1670007475.322819, 1670007477.1314137, 1670007482.1543274, 1670007484.0036054, 1670007485.847316, 1670007487.6828892, 1670007489.515356, 1670007491.353603, 1670007493.360992, 1670007498.3822227, 1670007500.210552, 1670007502.0280778, 1670007503.9113045, 1670007505.7504377, 1670007507.5749593, 1670007512.6335015, 1670007514.4786072, 1670007516.2894354, 1670007518.0990357, 1670007519.9242344, 1670007521.7554739, 1670007523.5749943, 1670007528.815343, 1670007530.660212, 1670007532.5088978, 1670007534.3504739, 1670007536.1894672, 1670007537.4521031, 1670007539.289144, 1670007544.4963014, 1670007545.3159292, 1670007547.145185, 1670007548.9822931, 1670007550.8157175, 1670007552.6287446, 1670007554.4394734, 1670007559.546244, 1670007561.363094, 1670007563.2013018, 1670007565.042573, 1670007566.8776941, 1670007568.0191922, 1670007569.6018848, 1670007570.330394, 1670007575.5960758, 1670007577.4798598, 1670007579.318446, 1670007581.174963, 1670007582.966904, 1670007584.7875938, 1670007586.6011226, 1670007591.774588, 1670007593.0673497, 1670007594.9069514, 1670007596.710542, 1670007598.5776103, 1670007600.3994086, 1670007602.2193894, 1670007607.503485, 1670007609.3857992, 1670007611.241932, 1670007613.089577, 1670007614.9901536, 1670007616.8362012, 1670007622.1978645, 1670007624.0352952, 1670007625.845516, 1670007627.627122, 1670007629.4610174, 1670007631.2764783, 1670007633.0896912, 1670007638.1220276, 1670007639.966189, 1670007641.8027127, 1670007643.6065972, 1670007645.4261076, 1670007647.2616863, 1670007649.1051393, 1670007654.148349, 1670007655.959378, 1670007657.7842588, 1670007659.6224515, 1670007661.5069299, 1670007663.378901, 1670007665.1934345, 1670007670.2701032, 1670007672.0789864, 1670007673.9275, 1670007675.7513363, 1670007677.5616088, 1670007679.3808537, 1670007684.436554, 1670007686.4145346, 1670007688.2114215, 1670007690.0436947, 1670007691.8784845, 1670007693.7176478, 1670007695.5200322, 1670007703.3992722, 1670007706.4281638, 1670007709.3014863, 1670007711.7251666, 1670007713.5654273, 1670007715.3854558, 1670007716.1958082], "episode_lengths": [150, 150, 150, 150, 150, 150, 150, 150, 150, 150, 150, 126, 150, 150, 150, 150, 150, 150, 150, 150, 150, 150, 150, 150, 150, 150, 150, 150, 150, 150, 150, 150, 150, 150, 150, 150, 150, 150, 150, 150, 150, 150, 150, 150, 150, 150, 150, 150, 150, 150, 150, 150, 150, 150, 150, 150, 150, 150, 100, 150, 150, 60, 150, 150, 150, 150, 150, 150, 150, 150, 150, 150, 89, 126, 54, 150, 150, 150, 150, 150, 150, 150, 150, 103, 150, 150, 150, 150, 150, 150, 150, 150, 150, 150, 150, 150, 150, 150, 150, 150, 150, 150, 150, 150, 150, 145, 150, 150, 150, 126, 150, 150, 150, 150, 150, 150, 150, 150, 150, 150, 150, 150, 150, 150, 150, 150, 150, 150, 150, 150, 150, 150, 150, 150, 150, 61], "episode_rewards": [-150.0, -150.0, -150.0, -150.0, -150.0, -150.0, -150.0, -150.0, -149.0, -150.0, -150.0, -125.0, -150.0, -150.0, -150.0, -150.0, -150.0, -150.0, -150.0, -150.0, -150.0, -150.0, -150.0, -150.0, -150.0, -150.0, -150.0, -150.0, -150.0, -150.0, -150.0, -150.0, -150.0, -150.0, -150.0, -150.0, -150.0, -150.0, -150.0, -150.0, -150.0, -150.0, -150.0, -150.0, -150.0, -150.0, -150.0, -150.0, -150.0, -150.0, -150.0, -150.0, -150.0, -150.0, -150.0, -150.0, -150.0, -150.0, -99.0, -150.0, -150.0, -59.0, -150.0, -150.0, -150.0, -150.0, -150.0, -150.0, -150.0, -150.0, -150.0, -150.0, -88.0, -125.0, -53.0, -150.0, -150.0, -150.0, -150.0, -150.0, -150.0, -150.0, -150.0, -102.0, -150.0, -150.0, -150.0, -150.0, -150.0, -150.0, -150.0, -150.0, -150.0, -150.0, -150.0, -150.0, -150.0, -150.0, -150.0, -150.0, -150.0, -150.0, -150.0, -150.0, -150.0, -144.0, -150.0, -150.0, -150.0, -125.0, -150.0, -150.0, -150.0, -150.0, -150.0, -150.0, -150.0, -150.0, -150.0, -150.0, -150.0, -150.0, -150.0, -150.0, -150.0, -150.0, -150.0, -150.0, -150.0, -150.0, -150.0, -150.0, -150.0, -150.0, -150.0, -60.0], "episode_types": ["t", "t", "t", "t", "t", "t", "t", "t", "t", "t", "t", "t", "t", "t", "t", "t", "t", "t", "t", "t", "t", "t", "t", "t", "t", "t", "t", "t", "t", "t", "t", "t", "t", "t", "t", "t", "t", "t", "t", "t", "t", "t", "t", "t", "t", "t", "t", "t", "t", "t", "t", "t", "t", "t", "t", "t", "t", "t", "t", "t", "t", "t", "t", "t", "t", "t", "t", "t", "t", "t", "t", "t", "t", "t", "t", "t", "t", "t", "t", "t", "t", "t", "t", "t", "t", "t", "t", "t", "t", "t", "t", "t", "t", "t", "t", "t", "t", "t", "t", "t", "t", "t", "t", "t", "t", "t", "t", "t", "t", "t", "t", "t", "t", "t", "t", "t", "t", "t", "t", "t", "t", "t", "t", "t", "t", "t", "t", "t", "t", "t", "t", "t", "t", "t", "t", "t", "t"]}