{"initial_reset_timestamp": 1669932399.534407, "timestamps": [1669932402.7006145, 1669932403.0016782, 1669932403.2896485, 1669932403.5708604, 1669932403.8777223, 1669932404.1635919, 1669932404.4561737, 1669932408.6945963, 1669932408.9881833, 1669932409.27182, 1669932409.5593734, 1669932409.756897, 1669932410.0520992, 1669932410.3339849, 1669932410.6200805, 1669932414.935616, 1669932415.2240663, 1669932415.514169, 1669932415.8007064, 1669932416.1160033, 1669932416.3995216, 1669932416.7020774, 1669932417.001172], "episode_lengths": [150, 150, 150, 150, 150, 150, 150, 150, 150, 150, 150, 66, 150, 150, 150, 54, 150, 150, 150, 150, 150, 150, 150], "episode_rewards": [-150.0, -150.0, -150.0, -150.0, -150.0, -150.0, -150.0, -150.0, -150.0, -150.0, -150.0, -65.0, -150.0, -150.0, -150.0, -53.0, -150.0, -150.0, -150.0, -150.0, -150.0, -150.0, -150.0], "episode_types": ["t", "t", "t", "t", "t", "t", "t", "t", "t", "t", "t", "t", "t", "t", "t", "t", "t", "t", "t", "t", "t", "t", "t"]}