{"initial_reset_timestamp": 1669932394.2803366, "timestamps": [1669932404.7057035, 1669932405.1408925, 1669932405.686621, 1669932406.2259476, 1669932406.7564535, 1669932407.263103, 1669932410.7735062, 1669932411.2953453, 1669932411.79468, 1669932412.2911773, 1669932412.7846847, 1669932413.2891128, 1669932413.7920904], "episode_lengths": [150, 150, 150, 150, 150, 150, 150, 150, 150, 150, 150, 150, 150], "episode_rewards": [-150.0, -150.0, -150.0, -150.0, -150.0, -150.0, -150.0, -150.0, -150.0, -150.0, -150.0, -150.0, -150.0], "episode_types": ["t", "t", "t", "t", "t", "t", "t", "t", "t", "t", "t", "t", "t", "t"]}