{"initial_reset_timestamp": 1669914195.6730914, "timestamps": [1669914198.1186364, 1669914198.5699997, 1669914199.1394472, 1669914199.6595225, 1669914200.2189808, 1669914200.732848, 1669914203.7089102, 1669914204.22993, 1669914204.7510812, 1669914205.0950909, 1669914205.5948339, 1669914206.1458735, 1669914206.908554, 1669914210.0848358, 1669914211.6018102, 1669914213.1361475, 1669914214.7292266, 1669914216.2767756, 1669914217.838783, 1669914219.3869243, 1669914223.3799734, 1669914224.9374106, 1669914226.4820788, 1669914228.0475745, 1669914229.6192148, 1669914231.1914456, 1669914232.7276525, 1669914236.8871715, 1669914239.2201226, 1669914240.7709935, 1669914242.2961867, 1669914243.8676474, 1669914245.4681208, 1669914249.4527926, 1669914250.9874744, 1669914252.5157552, 1669914254.0987988, 1669914255.6154783, 1669914257.1691449, 1669914258.7289672, 1669914262.703706, 1669914264.5054898, 1669914266.6308968, 1669914268.9682372, 1669914271.0958204, 1669914272.632413, 1669914274.1666431, 1669914278.371204, 1669914279.9258237, 1669914281.4189365, 1669914282.9943945, 1669914284.530049, 1669914286.1020176, 1669914290.0460231, 1669914291.5606897, 1669914293.1026754, 1669914294.6581635, 1669914296.8335543, 1669914299.0611677, 1669914301.354503, 1669914305.2517939, 1669914306.8619816, 1669914308.36739, 1669914309.9237428, 1669914311.4510286, 1669914313.025541, 1669914314.5549526, 1669914318.688377, 1669914320.232095, 1669914321.8102143, 1669914323.3489313, 1669914324.9055545, 1669914326.41379, 1669914330.2785556, 1669914331.7768111, 1669914333.2956429, 1669914334.8171744, 1669914336.3866572, 1669914337.943407, 1669914339.4588952, 1669914343.3864455, 1669914345.1167336, 1669914346.6029613, 1669914348.1457758, 1669914349.7042577, 1669914351.2326205, 1669914352.7484145, 1669914356.6744542, 1669914358.2181716, 1669914359.753995, 1669914361.2657676, 1669914362.827214, 1669914364.3569736, 1669914368.377677, 1669914369.932423, 1669914371.4772427, 1669914373.0501282, 1669914374.569744, 1669914376.124689, 1669914377.649504, 1669914381.7200031, 1669914383.2547655, 1669914384.7699416, 1669914386.3003812, 1669914387.8002117, 1669914389.3312585, 1669914390.8527052, 1669914394.739744, 1669914396.2659178, 1669914397.810119, 1669914399.3604038, 1669914400.9540412, 1669914402.4988077, 1669914406.5204954, 1669914408.0826297, 1669914409.6527455, 1669914411.1549828, 1669914412.6690557, 1669914414.189043, 1669914415.732103, 1669914419.9167528, 1669914421.4359438, 1669914422.9635625, 1669914424.4967785, 1669914426.0188966, 1669914427.5279527, 1669914429.0517209, 1669914433.075773, 1669914434.5839496, 1669914436.1104143, 1669914437.6270034, 1669914439.1655214, 1669914440.7427497, 1669914444.6727138, 1669914446.1919005, 1669914447.7420664, 1669914449.296818, 1669914450.8554788, 1669914452.3873117, 1669914453.917276, 1669914458.0568619, 1669914459.5820727, 1669914461.1551545, 1669914462.682493, 1669914464.2599945, 1669914465.8004777, 1669914467.3510284, 1669914471.3059566, 1669914472.859948, 1669914474.3941243, 1669914475.9469368, 1669914477.4983172, 1669914479.0206976, 1669914482.996395, 1669914484.554132, 1669914486.074498, 1669914487.5989766, 1669914489.0864394, 1669914490.6398442, 1669914492.261637, 1669914496.4967058, 1669914498.0233433, 1669914499.5291374, 1669914501.051734, 1669914502.615693, 1669914504.2134094, 1669914505.7314417, 1669914509.6054513, 1669914511.1018493, 1669914512.7963285, 1669914514.9378781, 1669914517.2020307, 1669914519.398946, 1669914523.414448, 1669914524.9778283, 1669914526.5172784, 1669914528.0475142, 1669914529.6385396, 1669914531.1729238, 1669914532.7412858, 1669914536.9179792, 1669914538.7344568, 1669914540.8870077, 1669914543.2029634, 1669914545.377268, 1669914546.887447, 1669914548.3901956, 1669914552.3758001, 1669914553.9404306, 1669914555.4621072, 1669914557.0031066, 1669914558.5201476, 1669914560.044941, 1669914564.079506, 1669914565.6139607, 1669914567.1540816, 1669914568.6707933, 1669914570.1858788, 1669914571.702126, 1669914573.223011, 1669914577.370719, 1669914578.9211783, 1669914580.4277022, 1669914581.9593275, 1669914583.5479183, 1669914585.1371236, 1669914586.659037, 1669914590.643971, 1669914592.234174, 1669914593.7743158, 1669914595.3803837, 1669914596.9168108, 1669914598.4573147, 1669914602.3871083, 1669914603.9331641, 1669914605.4787078, 1669914607.0368116, 1669914608.5618484, 1669914610.0900168, 1669914611.6655252, 1669914615.8947797, 1669914617.425251, 1669914618.9685907, 1669914620.4860702, 1669914622.038103, 1669914623.627627, 1669914625.1308534, 1669914629.0624828, 1669914630.596795, 1669914632.109023, 1669914633.6378937, 1669914635.1982636, 1669914636.7728558, 1669914640.707168, 1669914642.2343113, 1669914643.8265748, 1669914645.4021096, 1669914646.9446783, 1669914648.4791157, 1669914650.0030446, 1669914654.1531456, 1669914655.7257347, 1669914657.250324, 1669914658.7887585, 1669914660.29981, 1669914661.8080792, 1669914663.3460138, 1669914667.296506, 1669914668.847622, 1669914670.3746603, 1669914671.9245846, 1669914673.4637423, 1669914675.0851493, 1669914679.0818536, 1669914680.5944974, 1669914682.1162527, 1669914683.6698663, 1669914685.2494543, 1669914686.8391073, 1669914688.4115558, 1669914692.6459403, 1669914694.1596615, 1669914695.6971908, 1669914697.2099574, 1669914698.76972, 1669914700.3198261, 1669914701.8482683, 1669914705.8951688, 1669914707.4536207, 1669914709.041482, 1669914710.5894141, 1669914712.1583188, 1669914713.7563329, 1669914717.7013004, 1669914719.232139, 1669914720.7733374, 1669914722.295403, 1669914723.8481455, 1669914725.4008718, 1669914726.9370463, 1669914731.0868406, 1669914732.6350524, 1669914734.1884716, 1669914735.806324, 1669914737.3745036, 1669914738.9275172, 1669914740.4646623, 1669914744.482721, 1669914746.028137, 1669914747.5760005, 1669914749.10037, 1669914750.6949637, 1669914752.21497, 1669914756.1757562, 1669914757.7356858, 1669914759.8110595, 1669914761.9725823, 1669914764.297909, 1669914766.1670887, 1669914767.7214198, 1669914771.954149, 1669914773.523434, 1669914775.130409, 1669914776.7114315, 1669914778.303326, 1669914779.9177594, 1669914781.7253096, 1669914787.5356119, 1669914789.4063706, 1669914790.9728196, 1669914792.5185406, 1669914794.057663, 1669914795.5857346, 1669914799.6654735, 1669914801.2687309, 1669914802.8264441, 1669914804.3922284, 1669914806.0250983, 1669914807.569872, 1669914809.0689387, 1669914813.2578275, 1669914814.8135326, 1669914816.3593817, 1669914817.9183717, 1669914819.4779265, 1669914821.0574837, 1669914822.577342, 1669914826.537544, 1669914828.1304097, 1669914829.672139, 1669914831.2465737, 1669914832.8064778, 1669914834.311071],