{"initial_reset_timestamp": 1669914195.9358177, "timestamps": [1669914196.4174056, 1669914196.6426754, 1669914196.9159608, 1669914197.1547303, 1669914197.385133, 1669914197.6122968, 1669914197.8487556, 1669914202.202346, 1669914202.4145682, 1669914202.6366186, 1669914202.8503106, 1669914203.0732503, 1669914203.3245592, 1669914203.559441, 1669914208.379325, 1669914208.6229007, 1669914208.8484812, 1669914209.0692194, 1669914209.2997549, 1669914209.5393581, 1669914209.756355, 1669914221.1805727, 1669914221.4042966, 1669914221.6157532, 1669914221.851056, 1669914222.0713038, 1669914222.2962458, 1669914222.5301528, 1669914234.0191154, 1669914234.2324564, 1669914234.4588132, 1669914234.6884432, 1669914235.1308806, 1669914235.3517973, 1669914235.5676446, 1669914247.7849686, 1669914248.0137239, 1669914248.244326, 1669914248.456281, 1669914248.6833618, 1669914248.9069526, 1669914249.1312425, 1669914260.5167327, 1669914260.7339664, 1669914260.9615886, 1669914261.1789951, 1669914261.396655, 1669914261.62198, 1669914261.8633313, 1669914275.6874757, 1669914275.9127424, 1669914276.130706, 1669914276.3607252, 1669914276.5960102, 1669914276.8333576, 1669914277.0635035, 1669914288.3605845, 1669914288.5692081, 1669914288.7986412, 1669914289.0296788, 1669914289.250489, 1669914289.4848883, 1669914289.7158923, 1669914303.2809815, 1669914303.5114274, 1669914303.7299063, 1669914303.9480374, 1669914304.1680048, 1669914304.3820288, 1669914304.6289368, 1669914316.2425764, 1669914316.4668982, 1669914316.7054677, 1669914316.9412532, 1669914317.1581233, 1669914317.377311, 1669914317.6005123, 1669914328.8352416, 1669914329.0603626, 1669914329.2814867, 1669914329.4953983, 1669914329.7157092, 1669914329.936719, 1669914330.1461713, 1669914341.4180768, 1669914341.6320982, 1669914341.847383, 1669914342.0634522, 1669914342.297249, 1669914342.5058277, 1669914342.7310162, 1669914354.238414, 1669914354.4618852, 1669914354.7024262, 1669914354.9264798, 1669914355.147367, 1669914355.3652503, 1669914355.5884871, 1669914366.8770182, 1669914367.0990396, 1669914367.3214023, 1669914367.5758166, 1669914367.8064432, 1669914368.023921, 1669914368.2390897, 1669914379.8017864, 1669914380.0146148, 1669914380.2214801, 1669914380.4250028, 1669914380.648869, 1669914380.8674362, 1669914381.0946906, 1669914392.326889, 1669914392.5291095, 1669914392.7492752, 1669914392.9809053, 1669914393.2041621, 1669914393.4359367, 1669914393.6556451, 1669914405.0878685, 1669914405.301416, 1669914405.5166798, 1669914405.7400951, 1669914405.95871, 1669914406.1757343, 1669914406.3850536, 1669914417.9476888, 1669914418.1634176, 1669914418.3950965, 1669914418.6077497, 1669914418.8226752, 1669914419.0490801, 1669914419.2766376, 1669914430.634813, 1669914430.8732278, 1669914431.0982268, 1669914431.3119802, 1669914431.5467432, 1669914431.760493, 1669914431.9809656, 1669914443.1917324, 1669914443.4209287, 1669914443.6571693, 1669914443.8797994, 1669914444.0970263, 1669914444.3071337, 1669914444.53318, 1669914456.0884247, 1669914456.314214, 1669914456.533967, 1669914456.766808, 1669914456.9784212, 1669914457.2264009, 1669914457.4382997, 1669914468.84206, 1669914469.0715108, 1669914469.2861145, 1669914469.5022156, 1669914469.7265844, 1669914469.9665082, 1669914470.1999533, 1669914481.4985824, 1669914481.7350035, 1669914481.9569702, 1669914482.1850872, 1669914482.4145153, 1669914482.6362717, 1669914482.858182, 1669914494.5005512, 1669914494.7309644, 1669914494.970679, 1669914495.1899676, 1669914495.4093301, 1669914495.6447873, 1669914495.8748126, 1669914507.192038, 1669914507.4036963, 1669914507.6132705, 1669914507.8600755, 1669914508.0815432, 1669914508.2925458, 1669914508.517418, 1669914521.8790781, 1669914522.106369, 1669914522.3306684, 1669914522.566749, 1669914522.800557, 1669914523.030773, 1669914523.2723799, 1669914534.9806743, 1669914535.2016373, 1669914535.4217234, 1669914535.650075, 1669914535.8688703, 1669914536.084129, 1669914536.2939065, 1669914549.8892875, 1669914550.1088965, 1669914550.3234267, 1669914550.5410256, 1669914550.7665076, 1669914550.9899611, 1669914551.213562, 1669914562.5572708, 1669914562.7865598, 1669914563.030751, 1669914563.2500248, 1669914563.5015965, 1669914563.7213047, 1669914563.9420633, 1669914575.4260309, 1669914575.6644924, 1669914575.8855789, 1669914576.104581, 1669914576.307874, 1669914576.5184858, 1669914576.7570257, 1669914588.1893442, 1669914588.418519, 1669914588.6437345, 1669914588.8638866, 1669914589.0956821, 1669914589.3139343, 1669914589.5412498, 1669914600.882776, 1669914601.105988, 1669914601.339227, 1669914601.5738096, 1669914601.7959862, 1669914602.020789, 1669914602.2519667, 1669914613.927974, 1669914614.145863, 1669914614.3521771, 1669914614.602468, 1669914614.8237634, 1669914615.049088, 1669914615.25974, 1669914626.6037471, 1669914626.8360336, 1669914627.056722, 1669914627.275637, 1669914627.5210996, 1669914627.7394588, 1669914627.9674504, 1669914639.215883, 1669914639.4313798, 1669914639.6528778, 1669914639.874654, 1669914640.10986, 1669914640.3303468, 1669914640.568573, 1669914652.166097, 1669914652.4014866, 1669914652.6184578, 1669914652.8487427, 1669914653.072197, 1669914653.290155, 1669914653.5217311, 1669914664.8501186, 1669914665.069029, 1669914665.2873752, 1669914665.519125, 1669914665.7549398, 1669914665.9770923, 1669914666.1915615, 1669914677.5990083, 1669914677.8212926, 1669914678.0510602, 1669914678.2720037, 1669914678.5008712, 1669914678.7251384, 1669914678.9437747, 1669914690.6452355, 1669914690.872639, 1669914691.0953948, 1669914691.3223739, 1669914691.5545487, 1669914691.7810798, 1669914692.013462, 1669914703.3204317, 1669914703.5607312, 1669914703.7820709, 1669914704.0260248, 1669914704.2745116, 1669914704.5350916, 1669914704.7660756, 1669914716.2069132, 1669914716.4241734, 1669914716.65497, 1669914716.8846784, 1669914717.103777, 1669914717.3268824, 1669914717.5500987, 1669914729.1093585, 1669914729.324583, 1669914729.546331, 1669914729.7762449, 1669914730.010664, 1669914730.2256064, 1669914730.4427269, 1669914741.9748445, 1669914742.1916873, 1669914742.4177692, 1669914742.642159, 1669914742.877077, 1669914743.0976264, 1669914743.3263783, 1669914754.6987848, 1669914754.9315512, 1669914755.1488912, 1669914755.3682115, 1669914755.5977902, 1669914755.8249857, 1669914756.0393324, 1669914769.920174, 1669914770.1513155, 1669914770.378724, 1669914770.6163895, 1669914770.852012, 1669914771.0816607, 1669914771.3022017, 1669914783.866893, 1669914784.181239, 1669914784.5227726, 1669914784.855927, 1669914785.2023907, 1669914785.5540385, 1669914785.8976011, 1669914798.1588125, 1669914798.3616447, 1669914798.6051006, 1669914798.8428454, 1669914799.0668054, 1669914799.2986276, 1669914799.5281117, 1669914811.2724423, 1669914811.494145, 1669914811.716932, 1669914811.958147, 1669914812.187646, 1669914812.4040244, 1669914812.6425364, 1669914824.075931, 1669914824.3136914, 1669914824.5403454, 1669914824.7689462, 1669914824.9928288, 1669914825.2142584, 1669914825.4364057],