{"initial_reset_timestamp": 1670008601.495162, "timestamps": [1670008601.878239, 1670008602.582078, 1670008603.0926769, 1670008603.5641558, 1670008604.09135, 1670008604.6739426, 1670008605.3086126, 1670008613.0495334, 1670008613.558381, 1670008614.0750532, 1670008614.5873747, 1670008614.8981478, 1670008615.4089184, 1670008615.9072335, 1670008616.4738166, 1670008621.701287, 1670008622.0140088, 1670008622.352894, 1670008622.6838648, 1670008623.0173912, 1670008623.3627481, 1670008623.6976528, 1670008624.0257382, 1670008637.5464115, 1670008637.887522, 1670008638.22419, 1670008638.5561485, 1670008638.889834, 1670008639.2168949, 1670008639.5436149, 1670008653.0456173, 1670008653.3882668, 1670008653.7174172, 1670008654.0547922, 1670008654.404704, 1670008654.7399843, 1670008655.0635006, 1670008668.2617984, 1670008668.5973012, 1670008669.0940425, 1670008669.4356947, 1670008669.7683353, 1670008670.0890422, 1670008670.4211447, 1670008683.9502091, 1670008684.2769203, 1670008684.603632, 1670008684.9363933, 1670008685.2577717, 1670008685.5785918, 1670008685.9070084, 1670008699.136212, 1670008699.438063, 1670008699.7612233, 1670008700.08982, 1670008700.3892186, 1670008700.6945372, 1670008701.0008116, 1670008714.389607, 1670008714.7133157, 1670008715.0421207, 1670008715.3778124, 1670008715.6544876, 1670008715.9682672, 1670008716.301035, 1670008729.5448751, 1670008729.8785312, 1670008730.1268835, 1670008730.450952, 1670008730.7860556, 1670008730.9551618, 1670008731.2725794, 1670008731.604344, 1670008745.0781896, 1670008745.4032354, 1670008745.7311616, 1670008746.05745, 1670008746.3973775, 1670008746.7233565, 1670008747.0706406, 1670008760.3293986, 1670008760.660035, 1670008760.981387, 1670008761.3106756, 1670008761.6448772, 1670008761.9756315, 1670008762.2965667, 1670008775.694453, 1670008776.0183718, 1670008776.3570287, 1670008776.688417, 1670008777.0075688, 1670008777.341893, 1670008777.6674767, 1670008791.004743, 1670008791.3396358, 1670008791.6651773, 1670008791.9827116, 1670008792.308783, 1670008792.6234357, 1670008792.951086, 1670008806.3629942, 1670008806.705735, 1670008807.0548458, 1670008807.3982723, 1670008807.7274494, 1670008808.04245, 1670008808.2716532, 1670008808.610331, 1670008822.0454803, 1670008822.3683534, 1670008822.6777394, 1670008823.010891, 1670008823.335192, 1670008823.6594775, 1670008824.005109, 1670008837.2666943, 1670008837.6065917, 1670008837.9414759, 1670008838.2912297, 1670008838.6232026, 1670008838.943556, 1670008839.2690732, 1670008852.5854518, 1670008852.913034, 1670008853.2536657, 1670008853.5887, 1670008854.1126761, 1670008854.4702785, 1670008854.8099914, 1670008868.1401765, 1670008868.4744236, 1670008868.8445306, 1670008869.1778145, 1670008869.5035586, 1670008869.8318233, 1670008870.15024, 1670008883.3195364, 1670008883.6631453, 1670008884.0033562, 1670008884.2948403, 1670008884.6228867, 1670008884.934846, 1670008885.272088, 1670008898.647936, 1670008898.8987486, 1670008899.2260756, 1670008899.5451555, 1670008899.8604715, 1670008900.1924758, 1670008900.520541, 1670008900.8520312, 1670008916.7049444, 1670008917.241907, 1670008917.7518644, 1670008918.215019, 1670008918.5508537, 1670008918.8663552, 1670008919.1970823, 1670008930.6722414, 1670008930.9912176, 1670008931.3409941, 1670008931.6558845, 1670008931.9813116, 1670008932.312, 1670008932.6458995, 1670008932.9787166, 1670008944.6159317, 1670008944.9681451, 1670008945.297464, 1670008945.6137843, 1670008945.9506137, 1670008946.2778873, 1670008946.6215699, 1670008946.9625432, 1670008958.5659359, 1670008958.8942115, 1670008959.2273302, 1670008959.54204, 1670008959.8726218, 1670008960.2091348, 1670008960.5436163, 1670008972.0809262, 1670008972.3997877, 1670008972.7233388, 1670008973.0618157, 1670008973.4150474, 1670008973.7423408, 1670008974.064101, 1670008985.6277664, 1670008985.8927345, 1670008986.2286682, 1670008986.5696006, 1670008987.065941, 1670008987.3884814, 1670008987.719697, 1670008999.14433, 1670008999.4611628, 1670008999.7953558, 1670009000.1307986, 1670009000.4585116, 1670009000.782587, 1670009001.1162155, 1670009012.598365, 1670009012.917512, 1670009013.2487078, 1670009013.5695453, 1670009013.8905728, 1670009014.2318614, 1670009014.5548477, 1670009026.1540604, 1670009026.4748096, 1670009026.814486, 1670009027.1290083, 1670009027.4683611, 1670009027.7967966, 1670009028.1327617, 1670009039.924283, 1670009040.2511551, 1670009040.5733662, 1670009040.9114296, 1670009041.236793, 1670009041.564158, 1670009041.873942, 1670009053.3765175, 1670009053.6873102, 1670009054.0049403, 1670009054.347735, 1670009054.6669493, 1670009054.9964697, 1670009055.3269553, 1670009066.7955585, 1670009067.115865, 1670009067.453208, 1670009067.7832708, 1670009067.9586105, 1670009068.2862723, 1670009068.6265118, 1670009068.9469163, 1670009080.3637094, 1670009080.6876433, 1670009081.01677, 1670009081.343218, 1670009081.6696362, 1670009082.0047576, 1670009082.3225503, 1670009093.886528, 1670009094.2267113, 1670009094.5457933, 1670009094.867692, 1670009095.2137601, 1670009095.5365474, 1670009095.805954, 1670009107.389136, 1670009107.7037034, 1670009108.0219498, 1670009108.3834424, 1670009108.7115185, 1670009108.9353445, 1670009109.2777417, 1670009109.6171513, 1670009121.1025991, 1670009121.4377282, 1670009121.7642288, 1670009122.0925725, 1670009122.4175715, 1670009122.7502275, 1670009123.082093, 1670009134.743587, 1670009135.0704339, 1670009135.3474689, 1670009135.6723049, 1670009135.9967625, 1670009136.3218133, 1670009136.5585017, 1670009136.88751, 1670009148.4186327, 1670009148.7398405, 1670009149.0596766, 1670009149.3945134, 1670009149.720132, 1670009150.0508645, 1670009150.352714, 1670009161.9418936, 1670009162.2896829, 1670009162.6090384, 1670009162.9311206, 1670009163.2654939, 1670009163.6181064, 1670009163.9451432, 1670009175.6266963, 1670009175.9290519, 1670009176.4353485, 1670009176.683018, 1670009177.0207705, 1670009177.2623844, 1670009177.586269, 1670009177.910969, 1670009189.4932199, 1670009189.8210306, 1670009190.0690565, 1670009190.393478, 1670009190.6946676, 1670009191.0175374, 1670009191.346176, 1670009191.5139115, 1670009203.286812, 1670009203.6266322, 1670009203.9536102, 1670009204.2899952, 1670009204.6275318, 1670009204.9629223, 1670009205.3049126, 1670009221.9445794, 1670009222.2548668, 1670009222.5934153, 1670009222.934314, 1670009223.4694352, 1670009223.8018203, 1670009224.125725, 1670009224.4742749, 1670009236.0479543, 1670009236.3851194, 1670009236.7053003, 1670009237.024358, 1670009237.3618374, 1670009237.7025392, 1670009238.0300267, 1670009249.7166603, 1670009250.0440974, 1670009250.383552, 1670009250.7256718, 1670009251.0591252, 1670009251.3941612, 1670009251.7216914, 1670009263.2480993, 1670009263.5764017, 1670009263.8977005, 1670009264.237556, 1670009264.5571256, 1670009264.9061642, 1670009265.1167865, 1670009265.6066508, 1670009277.1588523, 1670009277.4940917, 1670009277.7454643, 1670009278.068887, 1670009278.4127147, 1670009278.7563756, 1670009279.092315, 1670009279.4138405, 1670009291.0234027, 1670009291.3615608, 1670009291.7150118, 1670009292.0495434, 1670009292.3807418, 1670009292.7058384, 1670009293.0266523, 1670009304.6541634, 1670009304.9833698, 1670009305.3205032, 1670009305.6509895, 1670009305.9816294, 1670009306.3425725, 1670009306.6673076],