{"initial_reset_timestamp": 1670008601.3814793, "timestamps": [1670008605.640548, 1670008606.3340826, 1670008607.4300234, 1670008608.45069, 1670008609.4023192, 1670008610.3448062, 1670008616.7391703, 1670008617.449676, 1670008617.9996715, 1670008618.5738695, 1670008619.1744952, 1670008619.7406452, 1670008620.304195, 1670008624.9878962, 1670008626.82305, 1670008628.6310074, 1670008630.450257, 1670008632.2672215, 1670008634.09626, 1670008635.2995882, 1670008640.5022933, 1670008642.3495069, 1670008644.1852689, 1670008646.0228112, 1670008647.8232408, 1670008649.667381, 1670008651.5059361, 1670008656.5658047, 1670008658.3974662, 1670008660.2212024, 1670008662.032903, 1670008663.823512, 1670008665.6233287, 1670008670.7702835, 1670008672.5850723, 1670008673.4721365, 1670008675.2839875, 1670008677.1026018, 1670008678.920803, 1670008680.7814064, 1670008682.6074913, 1670008687.578955, 1670008689.4262207, 1670008691.2455075, 1670008693.0846393, 1670008694.8968606, 1670008696.6433473, 1670008701.5543373, 1670008703.3715434, 1670008705.1092854, 1670008707.0106134, 1670008708.8103375, 1670008710.657031, 1670008712.459532, 1670008717.4063072, 1670008719.2078128, 1670008721.0161958, 1670008722.834621, 1670008724.6748157, 1670008726.4733963, 1670008728.2662604, 1670008733.327336, 1670008735.1632998, 1670008736.9779313, 1670008738.788461, 1670008740.6095705, 1670008742.4126935, 1670008747.6132731, 1670008749.413264, 1670008751.2159066, 1670008753.024943, 1670008754.8490207, 1670008756.6145656, 1670008758.440359, 1670008763.4527717, 1670008765.2943501, 1670008767.111065, 1670008768.9103951, 1670008770.73256, 1670008772.5556889, 1670008774.351409, 1670008779.391329, 1670008781.208917, 1670008783.016814, 1670008785.028244, 1670008786.8200464, 1670008788.6033971, 1670008793.520343, 1670008795.3198311, 1670008797.1569178, 1670008798.9818528, 1670008800.816562, 1670008802.6570718, 1670008804.4798262, 1670008808.9313645, 1670008810.7134469, 1670008812.5453463, 1670008814.3365653, 1670008816.1470492, 1670008817.9596465, 1670008819.435567, 1670008824.5689764, 1670008826.3215132, 1670008828.132977, 1670008829.9702525, 1670008831.7646198, 1670008833.5779538, 1670008835.3826373, 1670008840.3644984, 1670008842.1671703, 1670008843.943953, 1670008845.771027, 1670008847.5967805, 1670008849.4414554, 1670008851.2458453, 1670008856.5134258, 1670008858.3758903, 1670008860.2502215, 1670008862.057913, 1670008863.9215775, 1670008865.720482, 1670008870.6984794, 1670008872.4947665, 1670008874.2951396, 1670008876.1001732, 1670008877.856162, 1670008879.666502, 1670008881.4384873, 1670008886.385148, 1670008888.1695058, 1670008889.9856453, 1670008891.808971, 1670008893.6340072, 1670008895.4187562, 1670008897.1966548], "episode_lengths": [150, 150, 150, 150, 150, 150, 150, 141, 144, 150, 150, 150, 150, 150, 150, 150, 150, 150, 150, 96, 150, 150, 150, 150, 150, 150, 150, 150, 150, 150, 150, 150, 150, 150, 150, 68, 150, 150, 150, 150, 150, 150, 150, 150, 150, 150, 150, 150, 150, 150, 150, 150, 150, 150, 150, 150, 150, 150, 150, 150, 150, 150, 150, 150, 150, 150, 150, 150, 150, 150, 150, 150, 150, 150, 150, 150, 150, 150, 150, 150, 150, 150, 150, 150, 150, 150, 150, 150, 150, 150, 150, 150, 150, 150, 79, 150, 150, 150, 150, 150, 122, 150, 150, 150, 150, 150, 150, 150, 150, 150, 150, 150, 150, 150, 150, 150, 150, 150, 150, 150, 150, 150, 150, 150, 150, 150, 150, 150, 150, 150, 150, 150, 150, 150, 150], "episode_rewards": [-150.0, -150.0, -150.0, -150.0, -150.0, -150.0, -150.0, -140.0, -143.0, -150.0, -150.0, -150.0, -150.0, -150.0, -150.0, -150.0, -150.0, -150.0, -150.0, -95.0, -150.0, -150.0, -150.0, -150.0, -150.0, -150.0, -150.0, -150.0, -150.0, -150.0, -150.0, -150.0, -150.0, -150.0, -150.0, -67.0, -150.0, -150.0, -150.0, -150.0, -150.0, -150.0, -150.0, -150.0, -150.0, -150.0, -150.0, -150.0, -150.0, -150.0, -150.0, -150.0, -150.0, -150.0, -150.0, -150.0, -150.0, -150.0, -150.0, -150.0, -150.0, -150.0, -150.0, -150.0, -150.0, -150.0, -150.0, -150.0, -150.0, -150.0, -150.0, -150.0, -150.0, -150.0, -150.0, -150.0, -150.0, -150.0, -150.0, -150.0, -150.0, -150.0, -150.0, -150.0, -150.0, -150.0, -150.0, -150.0, -150.0, -150.0, -150.0, -150.0, -150.0, -150.0, -78.0, -150.0, -150.0, -150.0, -150.0, -150.0, -121.0, -150.0, -150.0, -150.0, -150.0, -150.0, -150.0, -150.0, -150.0, -150.0, -150.0, -150.0, -150.0, -150.0, -150.0, -150.0, -150.0, -150.0, -150.0, -150.0, -150.0, -150.0, -150.0, -150.0, -150.0, -150.0, -150.0, -150.0, -150.0, -150.0, -150.0, -150.0, -150.0, -150.0, -150.0], "episode_types": ["t", "t", "t", "t", "t", "t", "t", "t", "t", "t", "t", "t", "t", "t", "t", "t", "t", "t", "t", "t", "t", "t", "t", "t", "t", "t", "t", "t", "t", "t", "t", "t", "t", "t", "t", "t", "t", "t", "t", "t", "t", "t", "t", "t", "t", "t", "t", "t", "t", "t", "t", "t", "t", "t", "t", "t", "t", "t", "t", "t", "t", "t", "t", "t", "t", "t", "t", "t", "t", "t", "t", "t", "t", "t", "t", "t", "t", "t", "t", "t", "t", "t", "t", "t", "t", "t", "t", "t", "t", "t", "t", "t", "t", "t", "t", "t", "t", "t", "t", "t", "t", "t", "t", "t", "t", "t", "t", "t", "t", "t", "t", "t", "t", "t", "t", "t", "t", "t", "t", "t", "t", "t", "t", "t", "t", "t", "t", "t", "t", "t", "t", "t", "t", "t", "t", "t"]}