{"initial_reset_timestamp": 1670005400.6513534, "timestamps": [1670005403.4184237, 1670005403.7478642, 1670005404.0727696, 1670005404.4119518, 1670005404.752389, 1670005405.0754538, 1670005405.4215198, 1670005410.2787318, 1670005410.6225982, 1670005411.1024039, 1670005411.4373703, 1670005411.6394477, 1670005411.9638736, 1670005412.3097441, 1670005412.6423557, 1670005417.6264324, 1670005417.9483163, 1670005418.2722747, 1670005418.608584, 1670005418.933317, 1670005419.293854, 1670005419.6468716, 1670005419.9766417, 1670005433.5180707, 1670005433.8681164, 1670005434.2160833, 1670005434.5774271, 1670005434.9045641, 1670005435.2498565, 1670005435.576302, 1670005449.3037522, 1670005449.6371362, 1670005449.9674585, 1670005450.3122358, 1670005450.6689942, 1670005451.0044878, 1670005451.3402557, 1670005464.8184159, 1670005465.1399415, 1670005465.47587, 1670005465.8103793, 1670005466.13788, 1670005466.4994001, 1670005466.8527853, 1670005480.6133618, 1670005480.938254, 1670005481.276702, 1670005481.6074934, 1670005481.9353817, 1670005482.3154736, 1670005482.644814, 1670005496.0814111, 1670005496.4073577, 1670005496.730863, 1670005497.0585494, 1670005497.4090269, 1670005497.7409089, 1670005498.0857584, 1670005511.7202792, 1670005512.055868, 1670005512.376723, 1670005512.7222226, 1670005512.9984424, 1670005513.33841, 1670005513.6868856, 1670005527.101754, 1670005527.4343188, 1670005527.6827233, 1670005528.0252864, 1670005528.3795545, 1670005528.5591836, 1670005528.8755827, 1670005529.2300944, 1670005547.6385224, 1670005547.9668593, 1670005548.3041213, 1670005548.6504817, 1670005548.9988859, 1670005549.3523118, 1670005549.6771264, 1670005563.2149768, 1670005563.552296, 1670005563.874836, 1670005564.2064855, 1670005564.5348625, 1670005564.8558846, 1670005565.1854525, 1670005578.6219416, 1670005578.9486985, 1670005579.2908444, 1670005579.6249557, 1670005579.9447858, 1670005580.287373, 1670005580.6508749, 1670005594.1260948, 1670005594.4750304, 1670005595.0031588, 1670005595.3580756, 1670005595.6875122, 1670005596.0285037, 1670005596.3668237, 1670005609.8091712, 1670005610.1349058, 1670005610.4798322, 1670005610.8056629, 1670005611.1424048, 1670005611.4754043, 1670005611.6951072, 1670005612.0271885, 1670005625.4401736, 1670005625.7689059, 1670005626.1032782, 1670005626.429577, 1670005626.7610035, 1670005627.0860908, 1670005627.422522, 1670005640.9390168, 1670005641.2623167, 1670005641.590109, 1670005641.9229767, 1670005642.241954, 1670005642.5882552, 1670005642.9255662, 1670005656.479807, 1670005656.8057456, 1670005657.1417682, 1670005657.4720602, 1670005657.8146923, 1670005658.1531806, 1670005658.4869425, 1670005672.0245852, 1670005672.3583171, 1670005672.7026021, 1670005673.0287457, 1670005673.3645668, 1670005673.71272, 1670005674.0393388, 1670005687.6423, 1670005687.9806862, 1670005688.3120525, 1670005688.6073008, 1670005688.9472985, 1670005689.2820482, 1670005689.6086128, 1670005703.1310825, 1670005703.3853855, 1670005703.7143996, 1670005704.040756, 1670005704.384294, 1670005704.712169, 1670005705.0262845, 1670005705.3781922, 1670005717.4687417, 1670005717.794505, 1670005718.129866, 1670005718.4623547, 1670005718.8039267, 1670005719.136841, 1670005719.4675298, 1670005731.096603, 1670005731.4481163, 1670005731.8091526, 1670005732.1342418, 1670005732.4756265, 1670005732.8024158, 1670005733.1394753, 1670005733.4701278, 1670005745.063824, 1670005745.4058676, 1670005745.7286437, 1670005746.0724676, 1670005746.400691, 1670005746.7462516, 1670005747.0816174, 1670005747.425324, 1670005759.380113, 1670005759.7134576, 1670005760.0418983, 1670005760.3649955, 1670005760.7137833, 1670005761.031213, 1670005761.3560376, 1670005772.9382071, 1670005773.283582, 1670005773.632523, 1670005773.9618475, 1670005774.3316119, 1670005774.6725008, 1670005775.007334, 1670005786.6886976, 1670005786.9655051, 1670005787.313711, 1670005787.6358824, 1670005787.9608889, 1670005788.2993476, 1670005788.6251507, 1670005800.346923, 1670005800.6783597, 1670005801.0147574, 1670005801.357682, 1670005801.6921768, 1670005802.025811, 1670005802.3803725, 1670005814.3084645, 1670005814.652482, 1670005814.9683213, 1670005815.3013325, 1670005815.6366534, 1670005815.9713852, 1670005816.3047724, 1670005832.7647371, 1670005833.2585833, 1670005833.7945468, 1670005834.2057376, 1670005834.560228, 1670005834.8835347, 1670005835.2322729, 1670005846.8708825, 1670005847.198189, 1670005847.5550997, 1670005847.8912945, 1670005848.2174687, 1670005848.5442977, 1670005848.8594613, 1670005860.4765606, 1670005860.8015578, 1670005861.1377425, 1670005861.4793894, 1670005861.9930317, 1670005862.333923, 1670005862.6644394, 1670005874.3043802, 1670005874.6393328, 1670005874.9703338, 1670005875.305499, 1670005875.4906433, 1670005875.815982, 1670005876.1381054, 1670005876.4907937, 1670005888.1636858, 1670005888.4960148, 1670005888.8395975, 1670005889.1818042, 1670005889.533231, 1670005889.8713918, 1670005890.1933813, 1670005901.9180925, 1670005902.2452123, 1670005902.582182, 1670005902.9083924, 1670005903.245502, 1670005903.6006393, 1670005903.8721392, 1670005915.7780044, 1670005916.0926473, 1670005916.445602, 1670005916.7766116, 1670005917.0988367, 1670005917.3186595, 1670005917.6427774, 1670005917.9861574, 1670005929.71221, 1670005930.030506, 1670005930.3676727, 1670005930.7088974, 1670005931.0438044, 1670005931.368218, 1670005931.7036884, 1670005943.3466687, 1670005943.6816304, 1670005943.9712458, 1670005944.3017447, 1670005944.6302052, 1670005944.9619021, 1670005945.1978307, 1670005945.545703, 1670005957.348364, 1670005957.6987762, 1670005958.0451186, 1670005958.3780236, 1670005958.89612, 1670005959.214455, 1670005959.5148098, 1670005971.2073157, 1670005971.544812, 1670005971.865247, 1670005972.1890423, 1670005972.5395072, 1670005972.876891, 1670005973.2085328, 1670005984.9193978, 1670005985.2337, 1670005985.564551, 1670005985.8200457, 1670005986.1562605, 1670005986.4229758, 1670005986.752214, 1670005987.0942235, 1670005998.8493104, 1670005999.1817644, 1670005999.4438, 1670005999.7789645, 1670006000.0750794, 1670006000.3991094, 1670006000.7394865, 1670006000.904838, 1670006012.9151626, 1670006013.2482703, 1670006013.5847976, 1670006013.915432, 1670006014.2639866, 1670006014.6181436, 1670006014.9705257, 1670006026.7809162, 1670006027.0836387, 1670006027.4210227, 1670006027.7607958, 1670006028.098238, 1670006028.4457812, 1670006028.7695017, 1670006029.0995896, 1670006040.8056974, 1670006041.147403, 1670006041.4800653, 1670006041.808437, 1670006042.1543067, 1670006042.5073671, 1670006042.8384757, 1670006054.6455739, 1670006054.9797807, 1670006055.3245978, 1670006055.6653547, 1670006056.1704297, 1670006056.5154588, 1670006056.8531191, 1670006071.4292266, 1670006071.750567, 1670006072.0843108, 1670006072.4246, 1670006072.7615278, 1670006073.0861828, 1670006073.3035843, 1670006073.627674, 1670006085.3755865, 1670006085.707598, 1670006085.9574523, 1670006086.2904825, 1670006086.61794, 1670006086.946755, 1670006087.2832518, 1670006087.5930974, 1670006099.301256, 1670006099.6448636, 1670006099.9776528, 1670006100.320434, 1670006100.664126, 1670006101.007769, 1670006101.331941, 1670006113.2970922, 1670006113.623989, 1670006113.9531827, 1670006114.289057, 1670006114.6176305, 1670006114.9825387, 1670006115.3304644],