{"initial_reset_timestamp": 1670005396.772919, "timestamps": [1670005405.7241378, 1670005406.2064917, 1670005406.8404822, 1670005407.3025346, 1670005407.9007335, 1670005408.4877014, 1670005412.6937904, 1670005413.274541, 1670005413.8783433, 1670005414.461577, 1670005415.050453, 1670005415.627585, 1670005416.1936102, 1670005420.7481542, 1670005422.5775065, 1670005424.4109817, 1670005426.2477026, 1670005428.0811605, 1670005429.8891459, 1670005431.7212565, 1670005436.8735645, 1670005438.7234843, 1670005440.5895364, 1670005442.6469715, 1670005444.5001097, 1670005446.3650227, 1670005451.4732203, 1670005453.2858934, 1670005455.1012733, 1670005456.9664435, 1670005458.800697, 1670005460.6639736, 1670005462.5070922, 1670005467.5693107, 1670005469.384919, 1670005471.2130413, 1670005473.083458, 1670005474.9760127, 1670005476.8162358, 1670005478.6538112, 1670005483.927109, 1670005485.8010137, 1670005487.6645255, 1670005489.5025473, 1670005491.3295875, 1670005493.1622715, 1670005498.2156131, 1670005500.058833, 1670005501.8740928, 1670005503.7443025, 1670005505.5926702, 1670005507.3898463, 1670005509.219517, 1670005514.3770223, 1670005516.197955, 1670005518.0352507, 1670005519.8557017, 1670005521.700304, 1670005523.5374763, 1670005525.3599358, 1670005530.6526868, 1670005533.1893945, 1670005536.3228347, 1670005539.6316166, 1670005542.3041701, 1670005544.7331238, 1670005549.8189075, 1670005551.6275039, 1670005553.4459374, 1670005555.2783713, 1670005557.084887, 1670005558.9131894, 1670005560.7433436, 1670005565.914444, 1670005567.7157524, 1670005569.5403426, 1670005571.3664238, 1670005573.1930974, 1670005575.0349085, 1670005576.8722239, 1670005581.9362178, 1670005583.753172, 1670005585.6067097, 1670005587.4663997, 1670005589.3295667, 1670005591.1742306, 1670005596.5115693, 1670005598.326492, 1670005600.131328, 1670005601.9771955, 1670005603.8181245, 1670005605.645102, 1670005607.475349, 1670005612.7415874, 1670005614.5654943, 1670005616.3688025, 1670005618.1736023, 1670005620.0360596, 1670005621.880409, 1670005623.6821296, 1670005628.7269416, 1670005630.5046628, 1670005632.3533864, 1670005634.1961203, 1670005636.003882, 1670005637.8473191, 1670005643.060925, 1670005644.8788476, 1670005646.7114632, 1670005648.56598, 1670005650.4265227, 1670005652.2851691, 1670005654.1069252, 1670005659.1825714, 1670005661.0256631, 1670005662.8330312, 1670005664.6384587, 1670005666.4873397, 1670005668.296814, 1670005670.113431, 1670005675.3232117, 1670005677.1434443, 1670005678.9948225, 1670005679.6134071, 1670005681.496491, 1670005683.3561656, 1670005685.2100449, 1670005690.2275617, 1670005692.088066, 1670005693.9171782, 1670005695.7753484, 1670005697.6367328, 1670005699.461469, 1670005701.3090649], "episode_lengths": [150, 150, 150, 113, 150, 150, 150, 150, 150, 149, 150, 150, 150, 150, 150, 150, 150, 150, 150, 150, 150, 150, 150, 150, 150, 150, 150, 150, 150, 150, 150, 150, 150, 150, 150, 150, 150, 150, 150, 150, 150, 150, 150, 150, 150, 150, 150, 150, 150, 150, 150, 150, 150, 150, 150, 150, 150, 150, 150, 150, 150, 150, 150, 150, 150, 150, 150, 150, 150, 150, 150, 150, 150, 150, 150, 150, 150, 150, 150, 150, 150, 150, 150, 150, 150, 150, 150, 150, 150, 150, 150, 150, 150, 150, 150, 150, 150, 150, 150, 150, 150, 150, 150, 150, 150, 150, 150, 150, 150, 150, 150, 150, 150, 150, 150, 150, 150, 150, 150, 150, 150, 150, 150, 43, 150, 150, 150, 150, 150, 150, 150, 150, 150, 150], "episode_rewards": [-150.0, -150.0, -150.0, -112.0, -150.0, -150.0, -150.0, -150.0, -150.0, -148.0, -150.0, -150.0, -150.0, -150.0, -150.0, -150.0, -150.0, -150.0, -150.0, -150.0, -150.0, -150.0, -150.0, -150.0, -150.0, -150.0, -150.0, -150.0, -150.0, -150.0, -150.0, -150.0, -150.0, -150.0, -150.0, -150.0, -150.0, -150.0, -150.0, -150.0, -150.0, -150.0, -150.0, -150.0, -150.0, -150.0, -150.0, -150.0, -150.0, -150.0, -150.0, -150.0, -150.0, -150.0, -150.0, -150.0, -150.0, -150.0, -150.0, -150.0, -150.0, -150.0, -150.0, -150.0, -150.0, -150.0, -150.0, -150.0, -150.0, -150.0, -150.0, -150.0, -150.0, -150.0, -150.0, -150.0, -150.0, -150.0, -150.0, -150.0, -150.0, -150.0, -150.0, -150.0, -150.0, -150.0, -150.0, -150.0, -150.0, -150.0, -150.0, -150.0, -150.0, -150.0, -150.0, -150.0, -150.0, -150.0, -150.0, -150.0, -150.0, -150.0, -150.0, -150.0, -150.0, -150.0, -150.0, -150.0, -150.0, -150.0, -150.0, -150.0, -150.0, -150.0, -150.0, -150.0, -150.0, -150.0, -150.0, -150.0, -150.0, -150.0, -150.0, -42.0, -150.0, -150.0, -150.0, -150.0, -150.0, -150.0, -150.0, -150.0, -150.0, -150.0], "episode_types": ["t", "t", "t", "t", "t", "t", "t", "t", "t", "t", "t", "t", "t", "t", "t", "t", "t", "t", "t", "t", "t", "t", "t", "t", "t", "t", "t", "t", "t", "t", "t", "t", "t", "t", "t", "t", "t", "t", "t", "t", "t", "t", "t", "t", "t", "t", "t", "t", "t", "t", "t", "t", "t", "t", "t", "t", "t", "t", "t", "t", "t", "t", "t", "t", "t", "t", "t", "t", "t", "t", "t", "t", "t", "t", "t", "t", "t", "t", "t", "t", "t", "t", "t", "t", "t", "t", "t", "t", "t", "t", "t", "t", "t", "t", "t", "t", "t", "t", "t", "t", "t", "t", "t", "t", "t", "t", "t", "t", "t", "t", "t", "t", "t", "t", "t", "t", "t", "t", "t", "t", "t", "t", "t", "t", "t", "t", "t", "t", "t", "t", "t", "t", "t", "t", "t"]}