{"initial_reset_timestamp": 1669932616.5695446, "timestamps": [1669932616.8639283, 1669932617.150095, 1669932617.4330087, 1669932617.7362142, 1669932618.0380082, 1669932618.5097058, 1669932618.8243425, 1669932623.18057, 1669932623.4721763, 1669932623.7554622, 1669932624.0618293, 1669932624.2437105, 1669932624.544055, 1669932624.849848, 1669932625.1409144, 1669932629.4931507, 1669932629.7887504, 1669932630.0845652, 1669932630.3601458, 1669932630.6551702, 1669932630.9594848, 1669932631.2627614, 1669932631.5689018], "episode_lengths": [150, 150, 150, 150, 150, 150, 150, 150, 150, 150, 150, 66, 150, 150, 150, 54, 150, 150, 150, 150, 150, 150, 150], "episode_rewards": [-150.0, -150.0, -150.0, -150.0, -150.0, -150.0, -150.0, -150.0, -150.0, -150.0, -150.0, -65.0, -150.0, -150.0, -150.0, -53.0, -150.0, -150.0, -150.0, -150.0, -150.0, -150.0, -150.0], "episode_types": ["t", "t", "t", "t", "t", "t", "t", "t", "t", "t", "t", "t", "t", "t", "t", "t", "t", "t", "t", "t", "t", "t", "t"]}