{"initial_reset_timestamp": 1669932616.4668505, "timestamps": [1669932619.0924926, 1669932619.5369785, 1669932620.0999277, 1669932620.6343145, 1669932621.1758442, 1669932621.682932, 1669932625.270847, 1669932625.7899075, 1669932626.3033757, 1669932626.8163085, 1669932627.3243136, 1669932627.8252907, 1669932628.3211138], "episode_lengths": [150, 150, 143, 150, 150, 150, 150, 150, 150, 150, 150, 150, 150], "episode_rewards": [-150.0, -150.0, -142.0, -150.0, -150.0, -150.0, -150.0, -150.0, -150.0, -150.0, -150.0, -150.0, -150.0], "episode_types": ["t", "t", "t", "t", "t", "t", "t", "t", "t", "t", "t", "t", "t", "t"]}