{"initial_reset_timestamp": 1669934107.9073088, "timestamps": [1669934110.467076, 1669934110.920261, 1669934111.6783824, 1669934112.238958, 1669934112.7780983, 1669934113.29687, 1669934116.876601, 1669934117.3723657, 1669934117.8848994, 1669934118.4218028, 1669934118.949992, 1669934119.3657672, 1669934119.873127, 1669934123.9668365, 1669934125.691437, 1669934127.4252946, 1669934129.1163797, 1669934130.8285863, 1669934132.5744243, 1669934134.2578099, 1669934138.9838326, 1669934140.6906538, 1669934142.3829176, 1669934144.0561848, 1669934145.729038, 1669934147.4190774, 1669934152.102785, 1669934153.7997897, 1669934155.5041, 1669934157.2118006, 1669934158.887137, 1669934160.5552676, 1669934162.265538, 1669934166.9342916, 1669934168.6099496, 1669934170.2879937, 1669934171.9735565, 1669934173.660563, 1669934175.341501, 1669934177.012672, 1669934181.8381355, 1669934183.4845214, 1669934185.140474, 1669934186.854276, 1669934188.5575852, 1669934190.2307723, 1669934194.7138414, 1669934196.3486798, 1669934198.0340893, 1669934199.719619, 1669934201.3920338, 1669934203.0741425, 1669934204.7771807, 1669934209.484531, 1669934211.14576, 1669934212.8561506, 1669934214.5537744, 1669934216.2683759, 1669934217.9593573, 1669934219.6686568, 1669934224.5214198, 1669934226.226871, 1669934227.9391425, 1669934229.6687396, 1669934231.3534386, 1669934233.0942128, 1669934237.6775947, 1669934239.3717318, 1669934241.0815766, 1669934242.0572574, 1669934243.7085133, 1669934245.359142, 1669934247.0428107, 1669934251.7826316, 1669934253.4427617, 1669934255.1067824, 1669934256.7701867, 1669934258.434677, 1669934260.1110117, 1669934261.7918415, 1669934266.3142893, 1669934268.0025396, 1669934269.6766396, 1669934271.3787374, 1669934273.0608277, 1669934275.646872, 1669934278.597479, 1669934286.0245247, 1669934287.8514557, 1669934289.5040488, 1669934291.20836, 1669934292.933249, 1669934294.687922, 1669934296.3458707, 1669934301.256029, 1669934302.926101, 1669934304.582412, 1669934306.2678201, 1669934307.9683647, 1669934309.6580904, 1669934314.1753654, 1669934315.8816867, 1669934317.5506847, 1669934319.2239037, 1669934320.890051, 1669934322.5562885, 1669934324.2171803, 1669934328.758181, 1669934330.4399953, 1669934332.1796048, 1669934334.0750892, 1669934335.7559664, 1669934337.4519553, 1669934339.1309347, 1669934343.7076635, 1669934345.3965743, 1669934347.1089149, 1669934348.7954535, 1669934350.471501, 1669934352.14714, 1669934356.6996033, 1669934358.4161417, 1669934360.139514, 1669934361.8514884, 1669934363.533432, 1669934365.2125726, 1669934366.484469, 1669934371.2342427, 1669934372.9371295, 1669934374.6737034, 1669934376.3786504, 1669934378.0946574, 1669934379.769383, 1669934381.4527724], "episode_lengths": [150, 150, 150, 150, 150, 150, 150, 150, 150, 150, 150, 117, 150, 150, 150, 150, 150, 150, 150, 150, 150, 150, 150, 150, 150, 150, 150, 150, 150, 150, 150, 150, 150, 150, 150, 150, 150, 150, 150, 150, 150, 150, 150, 150, 150, 150, 150, 150, 150, 150, 150, 150, 150, 150, 150, 150, 150, 150, 150, 150, 150, 150, 150, 150, 150, 150, 150, 150, 150, 85, 150, 150, 150, 150, 150, 150, 150, 150, 150, 150, 149, 150, 150, 150, 150, 150, 150, 150, 150, 150, 150, 150, 150, 150, 150, 150, 150, 150, 150, 150, 150, 150, 150, 150, 150, 150, 150, 150, 150, 150, 150, 150, 150, 150, 150, 150, 150, 150, 150, 150, 150, 150, 150, 150, 150, 150, 113, 150, 150, 150, 150, 150, 149, 150], "episode_rewards": [-150.0, -150.0, -150.0, -150.0, -150.0, -150.0, -150.0, -150.0, -150.0, -150.0, -150.0, -116.0, -150.0, -150.0, -150.0, -150.0, -150.0, -150.0, -150.0, -150.0, -150.0, -150.0, -150.0, -150.0, -150.0, -150.0, -150.0, -150.0, -150.0, -150.0, -150.0, -150.0, -150.0, -150.0, -150.0, -150.0, -150.0, -150.0, -150.0, -150.0, -150.0, -150.0, -150.0, -150.0, -150.0, -150.0, -150.0, -150.0, -150.0, -150.0, -150.0, -150.0, -150.0, -150.0, -150.0, -150.0, -150.0, -150.0, -150.0, -150.0, -150.0, -150.0, -150.0, -150.0, -150.0, -150.0, -150.0, -150.0, -150.0, -84.0, -150.0, -150.0, -150.0, -150.0, -150.0, -150.0, -150.0, -150.0, -150.0, -150.0, -148.0, -150.0, -150.0, -150.0, -150.0, -150.0, -150.0, -150.0, -150.0, -150.0, -150.0, -150.0, -150.0, -150.0, -150.0, -150.0, -150.0, -150.0, -150.0, -150.0, -150.0, -150.0, -150.0, -150.0, -150.0, -150.0, -150.0, -150.0, -150.0, -150.0, -150.0, -150.0, -150.0, -150.0, -150.0, -150.0, -150.0, -150.0, -150.0, -150.0, -150.0, -150.0, -150.0, -150.0, -150.0, -150.0, -112.0, -150.0, -150.0, -150.0, -150.0, -150.0, -148.0, -150.0], "episode_types": ["t", "t", "t", "t", "t", "t", "t", "t", "t", "t", "t", "t", "t", "t", "t", "t", "t", "t", "t", "t", "t", "t", "t", "t", "t", "t", "t", "t", "t", "t", "t", "t", "t", "t", "t", "t", "t", "t", "t", "t", "t", "t", "t", "t", "t", "t", "t", "t", "t", "t", "t", "t", "t", "t", "t", "t", "t", "t", "t", "t", "t", "t", "t", "t", "t", "t", "t", "t", "t", "t", "t", "t", "t", "t", "t", "t", "t", "t", "t", "t", "t", "t", "t", "t", "t", "t", "t", "t", "t", "t", "t", "t", "t", "t", "t", "t", "t", "t", "t", "t", "t", "t", "t", "t", "t", "t", "t", "t", "t", "t", "t", "t", "t", "t", "t", "t", "t", "t", "t", "t", "t", "t", "t", "t", "t", "t", "t", "t", "t", "t", "t", "t", "t", "t", "t"]}