{"initial_reset_timestamp": 1669934108.0182981, "timestamps": [1669934108.3976235, 1669934108.687127, 1669934108.9993582, 1669934109.291515, 1669934109.589863, 1669934109.9087741, 1669934110.2125425, 1669934114.7522407, 1669934115.045284, 1669934115.351888, 1669934115.6520007, 1669934115.8419032, 1669934116.14464, 1669934116.4307811, 1669934116.7307959, 1669934121.1651285, 1669934121.463068, 1669934121.7601302, 1669934122.0523872, 1669934122.3534904, 1669934122.6525347, 1669934122.961418, 1669934123.2664506, 1669934135.7844546, 1669934136.072824, 1669934136.5623925, 1669934136.8525379, 1669934137.1571946, 1669934137.4507916, 1669934137.7596, 1669934150.076876, 1669934150.4002922, 1669934150.706733, 1669934151.0165288, 1669934151.3286362, 1669934151.6268206, 1669934151.930995, 1669934164.3530054, 1669934164.651646, 1669934164.951808, 1669934165.241967, 1669934165.5452685, 1669934165.845434, 1669934166.1570475, 1669934178.7789266, 1669934179.065537, 1669934179.4008236, 1669934179.7060876, 1669934180.0039675, 1669934180.2970278, 1669934180.6014745, 1669934192.809261, 1669934193.0831513, 1669934193.3689182, 1669934193.6729846, 1669934193.9457152, 1669934194.2395175, 1669934194.5279052, 1669934206.8241248, 1669934207.1178463, 1669934207.4197826, 1669934207.7180207, 1669934208.1807148, 1669934208.4688041, 1669934208.7684352, 1669934221.3118868, 1669934221.6052797, 1669934221.8482969, 1669934222.1375847, 1669934222.4456887, 1669934222.6151009, 1669934222.919851, 1669934223.2607055, 1669934235.6907687, 1669934235.992849, 1669934236.2931895, 1669934236.6001377, 1669934236.9029906, 1669934237.202198, 1669934237.4995358, 1669934249.9770076, 1669934250.2655036, 1669934250.5633736, 1669934250.8591216, 1669934251.142874, 1669934251.4482539, 1669934251.7658465, 1669934263.995788, 1669934264.2879229, 1669934264.5757778, 1669934264.8835537, 1669934265.177103, 1669934265.4662325, 1669934265.7745636, 1669934281.5091212, 1669934281.986423, 1669934282.467079, 1669934282.946372, 1669934283.398595, 1669934283.8819008, 1669934284.3518069, 1669934297.6866722, 1669934297.9796367, 1669934298.2694821, 1669934298.5651884, 1669934298.8624246, 1669934299.1624763, 1669934299.3574305, 1669934299.6583936, 1669934311.8787382, 1669934312.1746752, 1669934312.473497, 1669934312.7571666, 1669934313.047674, 1669934313.3339174, 1669934313.6299093, 1669934325.9027796, 1669934326.1927106, 1669934326.4832835, 1669934326.7918828, 1669934327.077175, 1669934327.371316, 1669934327.687296, 1669934340.30781, 1669934340.6133182, 1669934340.9175353, 1669934341.208674, 1669934341.5027885, 1669934341.8158188, 1669934342.1156895, 1669934354.3750257, 1669934354.6697497, 1669934354.9681942, 1669934355.2657683, 1669934355.563592, 1669934355.859748, 1669934356.157744, 1669934368.594357, 1669934368.8933306, 1669934369.1821077, 1669934369.438944, 1669934369.9325335, 1669934370.2256904, 1669934370.5400574, 1669934383.0262332, 1669934383.237473, 1669934383.5197506, 1669934383.8389356, 1669934384.1541412, 1669934384.445066, 1669934384.7481587, 1669934385.056098, 1669934396.017902, 1669934396.3069513, 1669934396.5981288, 1669934396.9075887, 1669934397.20953, 1669934397.5002484, 1669934397.8089511, 1669934408.6950057, 1669934408.9873333, 1669934409.2825215, 1669934409.5631385, 1669934409.8473902, 1669934410.1524873, 1669934410.4472091, 1669934410.7595174, 1669934421.745028, 1669934422.0382137, 1669934422.3360503, 1669934422.6490734, 1669934422.9510322, 1669934423.2423997, 1669934423.5378406, 1669934423.8375895, 1669934434.668215, 1669934434.9941542, 1669934435.2910347, 1669934435.5738647, 1669934435.8826504, 1669934436.1769757, 1669934436.47147, 1669934447.2914188, 1669934447.5878885, 1669934447.890292, 1669934448.1856685, 1669934448.4774225, 1669934448.774959, 1669934449.0709372, 1669934459.8919806, 1669934460.127197, 1669934460.4270735, 1669934460.7384157, 1669934461.0369813, 1669934461.3296711, 1669934461.62303, 1669934472.8036518, 1669934473.1032405, 1669934473.405939, 1669934473.7177408, 1669934474.0208197, 1669934474.328375, 1669934474.6458788, 1669934485.4995127, 1669934485.7874947, 1669934486.0775316, 1669934486.370277, 1669934486.673561, 1669934486.964875, 1669934487.2560725, 1669934498.1869056, 1669934498.4652262, 1669934498.7667432, 1669934499.0564709, 1669934499.3455188, 1669934499.6265228, 1669934499.9293075, 1669934510.854141, 1669934511.1510358, 1669934511.4468575, 1669934511.7409568, 1669934512.0391934, 1669934512.33497, 1669934512.626366, 1669934526.7587168, 1669934527.2326858, 1669934527.6938827, 1669934528.1430473, 1669934528.6018457, 1669934529.079857, 1669934529.541693, 1669934541.3484066, 1669934541.6456504, 1669934541.9482894, 1669934542.2413492, 1669934542.4200604, 1669934542.7116268, 1669934543.0035408, 1669934543.292918, 1669934554.1509607, 1669934554.4399843, 1669934554.7468946, 1669934555.0523064, 1669934555.349224, 1669934555.6582026, 1669934555.9480526, 1669934566.8948076, 1669934567.1788888, 1669934567.4703064, 1669934567.7744713, 1669934568.0759814, 1669934568.3644297, 1669934568.6061735, 1669934579.6638398, 1669934579.9573975, 1669934580.2508233, 1669934580.5256512, 1669934580.8264043, 1669934581.043998, 1669934581.3363383, 1669934581.6527016, 1669934592.4899561, 1669934592.775879, 1669934593.07501, 1669934593.3545687, 1669934593.6465366, 1669934593.9452379, 1669934594.235452, 1669934605.0477366, 1669934605.338979, 1669934605.609799, 1669934605.8956454, 1669934606.1850626, 1669934606.4739363, 1669934606.690133, 1669934606.984413, 1669934617.8627138, 1669934618.1513917, 1669934618.4394705, 1669934618.7426343, 1669934619.0540767, 1669934619.3594224, 1669934619.6206775, 1669934630.7202475, 1669934631.0094628, 1669934631.3072305, 1669934631.591667, 1669934631.8943012, 1669934632.1880617, 1669934632.5093725, 1669934643.3410945, 1669934643.6183453, 1669934643.906128, 1669934644.132506, 1669934644.4488707, 1669934644.6761298, 1669934644.96621, 1669934645.2589107, 1669934656.364161, 1669934656.6714234, 1669934656.9023268, 1669934657.1964462, 1669934657.470264, 1669934657.772071, 1669934658.0638192, 1669934658.2144728, 1669934669.408986, 1669934669.7059138, 1669934670.0165966, 1669934670.306123, 1669934670.5984843, 1669934670.8885558, 1669934671.173694, 1669934682.3084075, 1669934682.5775573, 1669934682.8754082, 1669934683.1693711, 1669934683.480435, 1669934683.7727072, 1669934684.074041, 1669934684.374156, 1669934695.3710303, 1669934695.6907566, 1669934695.9897416, 1669934696.2805529, 1669934696.5880406, 1669934696.8917563, 1669934697.187873, 1669934708.2265568, 1669934708.5722473, 1669934708.8935323, 1669934709.1896088, 1669934709.4956863, 1669934709.8090482, 1669934710.1019611, 1669934721.198127, 1669934721.4943206, 1669934721.8001518, 1669934722.097057, 1669934722.566966, 1669934722.8715866, 1669934723.0671153, 1669934723.3545809, 1669934734.3241947, 1669934734.6249874, 1669934734.8492193, 1669934735.1433342, 1669934735.4511096, 1669934735.7393544, 1669934736.0329444, 1669934736.3252625, 1669934747.3866503, 1669934747.7032006, 1669934748.0114765, 1669934748.3267503, 1669934748.64161, 1669934748.9515233, 1669934749.258898, 1669934760.3498514, 1669934760.6508174, 1669934760.9572756, 1669934761.2794454, 1669934761.5661585, 1669934761.8757641, 1669934762.1663728],