{"initial_reset_timestamp": 1670095088.7895577, "timestamps": [1670095091.1847162, 1670095091.5395138, 1670095092.1298432, 1670095092.6891181, 1670095093.2313652, 1670095093.7394042, 1670095097.43127, 1670095097.943116, 1670095098.4137015, 1670095098.9388425, 1670095099.4490073, 1670095099.952965, 1670095100.4606564, 1670095104.2278562, 1670095105.8844776, 1670095107.6002274, 1670095109.3230035, 1670095110.9851148, 1670095112.6528196, 1670095114.3566628, 1670095118.9460092, 1670095120.7698543, 1670095122.4449987, 1670095124.1907198, 1670095125.849949, 1670095127.5092113, 1670095129.2016382, 1670095133.6924, 1670095135.3579743, 1670095137.0520627, 1670095138.7492948, 1670095140.4153874, 1670095142.1124058, 1670095146.6058736, 1670095148.7676268, 1670095151.1427536, 1670095153.7282653, 1670095155.8825984, 1670095158.1573164, 1670095160.5853612, 1670095165.6165574, 1670095167.2725675, 1670095168.9585595, 1670095170.6658833, 1670095172.3733695, 1670095174.0889492, 1670095175.7292845, 1670095180.2005522, 1670095181.8440127, 1670095183.5115507, 1670095185.1791604, 1670095186.80926, 1670095188.4840374, 1670095192.9140532, 1670095194.5800927, 1670095196.200611, 1670095197.8736532, 1670095199.528606, 1670095201.2555108, 1670095203.1336687, 1670095207.686531, 1670095209.367679, 1670095211.0632603, 1670095212.7112277, 1670095214.39937, 1670095216.0999951, 1670095217.7714713, 1670095222.251262, 1670095223.8652883, 1670095225.5745912, 1670095227.241929, 1670095228.884273, 1670095230.568716, 1670095235.349908, 1670095236.9938617, 1670095238.6527636, 1670095240.3603833, 1670095242.0185924, 1670095243.6808813, 1670095245.378162, 1670095249.8850534, 1670095251.5250335, 1670095253.1708548, 1670095254.8460438, 1670095256.544499, 1670095258.2169638, 1670095259.922355, 1670095264.4855883, 1670095266.1316946, 1670095267.7810898, 1670095269.46953, 1670095271.1103816, 1670095272.7428267, 1670095277.6485147, 1670095279.320843, 1670095281.0050585, 1670095282.7031713, 1670095284.3480706, 1670095286.081598, 1670095287.7512734, 1670095292.2506104, 1670095293.9302168, 1670095295.645239, 1670095297.3203313, 1670095298.9970725, 1670095300.676331, 1670095302.3310347, 1670095306.9842222, 1670095308.632256, 1670095310.395964, 1670095312.084342, 1670095313.7736251, 1670095315.4813411, 1670095320.0971239, 1670095321.8387744, 1670095323.5467436, 1670095325.2885072, 1670095326.9716895, 1670095328.6652503, 1670095330.3530242, 1670095334.7771418, 1670095336.4307861, 1670095338.1427386, 1670095339.986122, 1670095341.6391568, 1670095343.515673, 1670095345.8369198, 1670095352.2550013, 1670095354.605525, 1670095357.1498568, 1670095359.0276406, 1670095360.6837325, 1670095362.3283112], "episode_lengths": [115, 150, 150, 150, 150, 150, 150, 150, 128, 150, 150, 150, 150, 150, 150, 150, 150, 150, 150, 150, 150, 150, 150, 150, 150, 150, 150, 150, 150, 150, 150, 150, 150, 150, 150, 150, 150, 150, 150, 150, 150, 150, 150, 150, 150, 150, 150, 150, 150, 150, 150, 150, 150, 150, 150, 150, 150, 150, 150, 150, 150, 150, 150, 150, 150, 150, 150, 150, 150, 150, 150, 150, 150, 150, 150, 150, 150, 150, 150, 150, 150, 150, 150, 150, 150, 150, 150, 150, 150, 150, 150, 150, 150, 150, 150, 150, 150, 150, 150, 150, 150, 150, 150, 150, 150, 150, 150, 150, 150, 150, 150, 150, 150, 150, 150, 150, 150, 150, 150, 150, 150, 150, 150, 150, 150, 150, 150, 150, 150, 150, 150, 150, 150], "episode_rewards": [-114.0, -150.0, -150.0, -150.0, -150.0, -150.0, -150.0, -150.0, -127.0, -150.0, -150.0, -150.0, -150.0, -150.0, -150.0, -150.0, -150.0, -150.0, -150.0, -150.0, -150.0, -150.0, -150.0, -150.0, -150.0, -150.0, -150.0, -150.0, -150.0, -150.0, -150.0, -150.0, -150.0, -150.0, -150.0, -150.0, -150.0, -150.0, -150.0, -150.0, -150.0, -150.0, -150.0, -150.0, -150.0, -150.0, -150.0, -150.0, -150.0, -150.0, -150.0, -150.0, -150.0, -150.0, -150.0, -150.0, -150.0, -150.0, -150.0, -150.0, -150.0, -150.0, -150.0, -150.0, -150.0, -150.0, -150.0, -150.0, -150.0, -150.0, -150.0, -150.0, -150.0, -150.0, -150.0, -150.0, -150.0, -150.0, -150.0, -150.0, -150.0, -150.0, -150.0, -150.0, -150.0, -150.0, -150.0, -150.0, -150.0, -150.0, -150.0, -150.0, -150.0, -150.0, -150.0, -150.0, -150.0, -150.0, -150.0, -150.0, -150.0, -150.0, -150.0, -150.0, -150.0, -150.0, -150.0, -150.0, -150.0, -150.0, -150.0, -150.0, -150.0, -150.0, -150.0, -150.0, -150.0, -150.0, -150.0, -150.0, -150.0, -150.0, -150.0, -150.0, -150.0, -150.0, -150.0, -150.0, -150.0, -150.0, -150.0, -150.0, -150.0], "episode_types": ["t", "t", "t", "t", "t", "t", "t", "t", "t", "t", "t", "t", "t", "t", "t", "t", "t", "t", "t", "t", "t", "t", "t", "t", "t", "t", "t", "t", "t", "t", "t", "t", "t", "t", "t", "t", "t", "t", "t", "t", "t", "t", "t", "t", "t", "t", "t", "t", "t", "t", "t", "t", "t", "t", "t", "t", "t", "t", "t", "t", "t", "t", "t", "t", "t", "t", "t", "t", "t", "t", "t", "t", "t", "t", "t", "t", "t", "t", "t", "t", "t", "t", "t", "t", "t", "t", "t", "t", "t", "t", "t", "t", "t", "t", "t", "t", "t", "t", "t", "t", "t", "t", "t", "t", "t", "t", "t", "t", "t", "t", "t", "t", "t", "t", "t", "t", "t", "t", "t", "t", "t", "t", "t", "t", "t", "t", "t", "t", "t", "t", "t", "t", "t", "t"]}