{"initial_reset_timestamp": 1670095088.9032338, "timestamps": [1670095089.2366827, 1670095089.5299878, 1670095089.8138945, 1670095090.1194813, 1670095090.4105031, 1670095090.6980407, 1670095090.978527, 1670095095.463558, 1670095095.7471101, 1670095096.034587, 1670095096.332527, 1670095096.5104933, 1670095096.7882373, 1670095097.0870326, 1670095097.3816848, 1670095101.7253273, 1670095102.0011458, 1670095102.2859492, 1670095102.5817187, 1670095102.878576, 1670095103.1722322, 1670095103.4830053, 1670095103.7663584, 1670095116.187117, 1670095116.4868894, 1670095116.7787957, 1670095117.0721047, 1670095117.3556917, 1670095117.6549053, 1670095117.9480627, 1670095130.4260354, 1670095130.712708, 1670095131.0107193, 1670095131.3006377, 1670095131.5925808, 1670095131.8832848, 1670095132.1840346, 1670095144.4269352, 1670095144.7122743, 1670095145.0003254, 1670095145.285738, 1670095145.5753317, 1670095145.8571548, 1670095146.1526268, 1670095162.8909428, 1670095163.1693387, 1670095163.4513342, 1670095163.746477, 1670095164.0600388, 1670095164.3579504, 1670095164.6529386, 1670095176.9508674, 1670095177.2254326, 1670095177.5094671, 1670095177.7925243, 1670095178.0776062, 1670095178.377839, 1670095178.661937, 1670095190.775245, 1670095191.071281, 1670095191.3603826, 1670095191.656994, 1670095191.9014895, 1670095192.1971445, 1670095192.4827304, 1670095204.9091687, 1670095205.194372, 1670095205.418403, 1670095205.7030914, 1670095206.0034394, 1670095206.1599426, 1670095206.4436607, 1670095206.722848, 1670095219.0159082, 1670095219.3124676, 1670095219.6168313, 1670095219.9151003, 1670095220.2161245, 1670095220.50099, 1670095220.7770755, 1670095232.9316869, 1670095233.235295, 1670095233.7060816, 1670095233.9950347, 1670095234.3105538, 1670095234.609059, 1670095234.892694, 1670095247.095192, 1670095247.3795886, 1670095247.6965077, 1670095247.9773972, 1670095248.2837622, 1670095248.5801754, 1670095248.892894, 1670095261.170131, 1670095261.466775, 1670095261.7533758, 1670095262.053209, 1670095262.3488324, 1670095262.6496906, 1670095262.9447937, 1670095275.206304, 1670095275.502972, 1670095275.7937458, 1670095276.0976255, 1670095276.391818, 1670095276.6851964, 1670095276.8806455, 1670095277.164021, 1670095289.5087628, 1670095289.7912204, 1670095290.085549, 1670095290.3653505, 1670095290.6571453, 1670095290.9484446, 1670095291.2441115, 1670095303.7069454, 1670095304.0010073, 1670095304.29257, 1670095304.6118503, 1670095304.898755, 1670095305.1881535, 1670095305.4769037, 1670095317.8252099, 1670095318.125152, 1670095318.4346063, 1670095318.7316022, 1670095319.0261552, 1670095319.328495, 1670095319.6293218, 1670095332.049443, 1670095332.3306706, 1670095332.635126, 1670095332.9297662, 1670095333.2174695, 1670095333.517653, 1670095333.7964742, 1670095347.7004826, 1670095348.15564, 1670095348.5889654, 1670095348.976116, 1670095349.41866, 1670095349.8622444, 1670095350.2250917, 1670095364.5714517, 1670095364.7828963, 1670095365.0942163, 1670095365.3874931, 1670095365.673907, 1670095365.953439, 1670095366.2342472, 1670095366.530518, 1670095377.2501192, 1670095377.5478063, 1670095377.8540225, 1670095378.1620553, 1670095378.4581857, 1670095378.7603524, 1670095379.062068, 1670095389.9284003, 1670095390.2341082, 1670095390.532271, 1670095390.8214114, 1670095391.1160338, 1670095391.3977242, 1670095391.6838462, 1670095391.9793131, 1670095402.6466863, 1670095402.9255106, 1670095403.2208257, 1670095403.5166523, 1670095403.8053043, 1670095404.0919678, 1670095404.3866537, 1670095404.6762645, 1670095415.5452714, 1670095415.8453336, 1670095416.1418438, 1670095416.435094, 1670095416.7147067, 1670095416.9954164, 1670095417.290774, 1670095428.0348022, 1670095428.3286786, 1670095428.831442, 1670095429.1365278, 1670095429.4314828, 1670095429.732037, 1670095430.0144315, 1670095440.772395, 1670095441.0111887, 1670095441.2960396, 1670095441.5970995, 1670095441.881946, 1670095442.1747594, 1670095442.4561396, 1670095453.215484, 1670095453.5008385, 1670095453.7813933, 1670095454.0754678, 1670095454.371717, 1670095454.6508806, 1670095454.9418, 1670095465.702286, 1670095465.9943025, 1670095466.2693937, 1670095466.5689762, 1670095466.8527575, 1670095467.1493883, 1670095467.4407926, 1670095478.42348, 1670095478.6968727, 1670095478.9755516, 1670095479.269285, 1670095479.5553558, 1670095479.8542907, 1670095480.1616335, 1670095490.9389553, 1670095491.2194731, 1670095491.5106668, 1670095491.812058, 1670095492.1097126, 1670095492.3979616, 1670095492.6701756, 1670095503.3423712, 1670095503.6262157, 1670095503.913514, 1670095504.2004378, 1670095504.4993625, 1670095504.796925, 1670095505.085964, 1670095516.0174415, 1670095516.307309, 1670095516.6035218, 1670095516.8943698, 1670095517.0672066, 1670095517.3648305, 1670095517.6645124, 1670095517.9556298, 1670095528.7694106, 1670095529.053115, 1670095529.3424146, 1670095529.625041, 1670095529.9171734, 1670095530.2092848, 1670095530.496528, 1670095544.6565225, 1670095545.059676, 1670095545.4891558, 1670095545.9221194, 1670095546.3969936, 1670095546.8610504, 1670095547.2065158, 1670095558.3790853, 1670095558.6723404, 1670095558.963993, 1670095559.250108, 1670095559.717528, 1670095559.9082875, 1670095560.1979735, 1670095560.4814086, 1670095571.3173938, 1670095571.6121502, 1670095571.9021873, 1670095572.1996374, 1670095572.483687, 1670095572.762192, 1670095573.0564516, 1670095583.606505, 1670095583.8888896, 1670095584.1334558, 1670095584.4302158, 1670095584.7144196, 1670095585.0160916, 1670095585.2249382, 1670095585.5203059, 1670095596.2554328, 1670095596.5621364, 1670095596.843135, 1670095597.1370747, 1670095597.4350107, 1670095597.717233, 1670095597.965762, 1670095608.9716272, 1670095609.2623317, 1670095609.5675647, 1670095609.8556697, 1670095610.1436431, 1670095610.4326756, 1670095610.7271829, 1670095621.4663768, 1670095621.748103, 1670095622.0552235, 1670095622.27666, 1670095622.581266, 1670095622.791173, 1670095623.1126971, 1670095623.426274, 1670095634.4042406, 1670095634.688672, 1670095634.904431, 1670095635.19891, 1670095635.46488, 1670095635.7464087, 1670095636.0237043, 1670095636.191221, 1670095647.3950188, 1670095647.6767128, 1670095647.9551682, 1670095648.2427561, 1670095648.5393214, 1670095648.819285, 1670095649.1092505, 1670095659.794112, 1670095660.0629296, 1670095660.3492568, 1670095660.6515167, 1670095660.9419615, 1670095661.2694395, 1670095661.5718865, 1670095661.864254, 1670095672.5237134, 1670095672.8102157, 1670095673.114469, 1670095673.394147, 1670095673.6936607, 1670095673.9878447, 1670095674.2653959, 1670095684.9493437, 1670095685.2464497, 1670095685.5324388, 1670095685.8154879, 1670095686.1045918, 1670095686.3935277, 1670095686.6811504, 1670095697.6633458, 1670095697.9584224, 1670095698.258346, 1670095698.56897, 1670095698.8487945, 1670095699.13924, 1670095699.3321683, 1670095699.6196716, 1670095710.4180343, 1670095710.711724, 1670095710.9280405, 1670095711.2090821, 1670095711.499879, 1670095711.7912765, 1670095712.0799677, 1670095712.3698814, 1670095723.2552156, 1670095723.5598357, 1670095723.8504071, 1670095724.1501667, 1670095724.4561343, 1670095724.7478049, 1670095725.0388432, 1670095737.8443525, 1670095738.275497, 1670095738.9192746, 1670095739.39456, 1670095739.8760338, 1670095740.39426, 1670095740.8770182],