{"initial_reset_timestamp": 1669916199.487625, "timestamps": [1669916202.2355127, 1669916202.5387416, 1669916202.9994068, 1669916203.584267, 1669916204.3097787, 1669916205.373305, 1669916206.3189623, 1669916207.273041, 1669916208.2040696, 1669916209.100793, 1669916215.611961, 1669916216.299623, 1669916216.9726431, 1669916217.4018512, 1669916217.858149, 1669916218.28093, 1669916218.6990402, 1669916219.1252627, 1669916219.575954, 1669916220.0053883, 1669916224.4794648, 1669916225.5628772, 1669916226.6434739, 1669916227.7596416, 1669916228.8397622, 1669916229.9340436, 1669916231.0323565, 1669916232.145303, 1669916233.231404, 1669916234.3286562, 1669916238.8836558, 1669916239.9463847, 1669916241.0341, 1669916242.1309435, 1669916243.2410374, 1669916244.348844, 1669916245.4568725, 1669916246.553105, 1669916247.6673467, 1669916248.763993, 1669916252.879914, 1669916253.967138, 1669916255.0646405, 1669916256.1679966, 1669916257.2798982, 1669916258.3885753, 1669916259.489294, 1669916260.4400065, 1669916261.3372815, 1669916262.6712165, 1669916263.2563381, 1669916267.685425, 1669916268.7968886, 1669916269.90094, 1669916270.9545054, 1669916272.2861488, 1669916273.1240191, 1669916274.21175, 1669916275.3026555, 1669916276.3803315, 1669916276.8527713, 1669916277.940502, 1669916282.198059, 1669916282.6911519, 1669916283.7576854, 1669916284.8332715, 1669916285.9118805, 1669916287.013128, 1669916287.7389164, 1669916288.720502, 1669916289.244438, 1669916289.9499009, 1669916290.739028, 1669916291.8174832, 1669916292.415925, 1669916292.9064834, 1669916297.1403391, 1669916298.3220072, 1669916299.4353504, 1669916300.560168, 1669916301.672292, 1669916302.3461108, 1669916303.4491148, 1669916303.95139, 1669916304.9659402, 1669916305.8942294, 1669916306.6216712, 1669916307.705395, 1669916311.9130113, 1669916312.493543, 1669916313.391611, 1669916313.9148862, 1669916314.989935, 1669916316.4437454, 1669916317.58137, 1669916318.3286376, 1669916319.2343488, 1669916319.73102, 1669916320.265522, 1669916321.3744123, 1669916322.202464, 1669916326.634797, 1669916327.6436372, 1669916328.777282, 1669916329.9187376, 1669916330.6471531, 1669916331.3714416, 1669916331.9434996, 1669916333.0560007, 1669916333.8825295, 1669916334.4196959, 1669916335.2805502, 1669916335.9910634, 1669916337.0821545, 1669916341.508701, 1669916342.6325219, 1669916343.6134174, 1669916344.7192912, 1669916346.0606875, 1669916347.658289, 1669916348.773284, 1669916349.6068332, 1669916350.7128663, 1669916351.822545, 1669916352.3734891, 1669916356.9217403, 1669916358.0210252, 1669916359.1501477, 1669916360.2527554, 1669916361.3612208, 1669916362.4762664, 1669916363.5919266, 1669916364.6876502, 1669916365.7662725, 1669916367.0956984, 1669916371.441993, 1669916372.5675569, 1669916373.705798, 1669916374.8192904, 1669916375.9633992, 1669916377.0697546, 1669916378.1577523, 1669916378.8465397, 1669916379.8280118, 1669916380.4513564, 1669916381.5619373, 1669916382.6569362, 1669916387.1430252, 1669916388.230394, 1669916389.3473496, 1669916390.517542, 1669916391.6637294, 1669916392.8022528, 1669916393.8948245, 1669916395.0132346, 1669916395.5999923, 1669916396.490845, 1669916400.9320188, 1669916402.0468009, 1669916402.7716393, 1669916403.8561935, 1669916404.9369133, 1669916406.0423174, 1669916407.166899, 1669916408.2636743, 1669916409.3652287, 1669916410.4708498, 1669916411.584496, 1669916416.0610485, 1669916417.1569579, 1669916418.2442527, 1669916419.3205025, 1669916420.4661808, 1669916421.5934384, 1669916422.697623, 1669916423.802999, 1669916424.877406, 1669916426.1627645, 1669916430.4742353, 1669916431.6129653, 1669916432.7086127, 1669916433.8506777, 1669916434.9787273, 1669916436.3173418, 1669916437.4434042, 1669916438.54924, 1669916439.6817112, 1669916440.8055847, 1669916445.0779946, 1669916446.1732302, 1669916447.5464704, 1669916448.659785, 1669916449.8081088, 1669916450.9965317, 1669916452.1408937, 1669916453.2489476, 1669916454.3841295, 1669916455.5022447, 1669916459.8964088, 1669916460.9905481, 1669916462.09119, 1669916463.2126513, 1669916464.3216612, 1669916465.417699, 1669916466.5198429, 1669916467.644592, 1669916468.7359993, 1669916469.8345356, 1669916474.2703996, 1669916475.356255, 1669916476.4396791, 1669916477.5269322, 1669916478.6340725, 1669916479.742282, 1669916480.8824222, 1669916482.0483487, 1669916483.1888893, 1669916484.2925334, 1669916488.8057659, 1669916489.9341133, 1669916491.0290341, 1669916492.149302, 1669916493.253364, 1669916494.409613, 1669916495.525241, 1669916496.6339285, 1669916497.9654443, 1669916499.0491548, 1669916503.185711, 1669916504.2714953, 1669916505.3390586, 1669916506.4256847, 1669916507.5729651, 1669916508.8576422, 1669916509.9720237, 1669916511.049345, 1669916512.1634932, 1669916513.265221, 1669916517.4871128, 1669916518.5757275, 1669916519.8879774, 1669916520.9682186, 1669916522.075341, 1669916523.171983, 1669916524.2635655, 1669916525.3577452, 1669916526.4550653, 1669916527.544681, 1669916531.998653, 1669916533.098855, 1669916534.2129996, 1669916535.6319416, 1669916537.6607492, 1669916539.7991912, 1669916541.7624462, 1669916543.5826516, 1669916545.398922, 1669916547.188667, 1669916552.005875, 1669916553.1008744, 1669916554.2034378, 1669916555.3110187, 1669916556.4151096, 1669916557.5366693, 1669916558.6390026, 1669916559.7420692, 1669916560.8383927, 1669916561.920568, 1669916566.4182794, 1669916567.5197227, 1669916568.6446173, 1669916569.7918458, 1669916570.928037, 1669916572.0594826, 1669916573.2304344, 1669916574.4175851, 1669916575.7782114, 1669916576.878795, 1669916581.2310436, 1669916582.3624918, 1669916583.4440634, 1669916584.546546, 1669916585.640599, 1669916586.9834192, 1669916588.0865211, 1669916589.1767066, 1669916590.2737422, 1669916591.355182, 1669916595.6034906, 1669916596.9422438, 1669916598.0914276, 1669916599.2122548, 1669916600.3372777, 1669916601.463688, 1669916602.569549, 1669916603.7417011, 1669916604.8439124, 1669916605.937817, 1669916610.474043, 1669916611.5555174, 1669916612.6413236, 1669916613.7584, 1669916614.87963, 1669916616.0089917, 1669916617.1084623, 1669916618.1986697, 1669916619.2814684, 1669916620.371523, 1669916624.872525, 1669916625.9504895, 1669916627.042085, 1669916628.1567266, 1669916629.2473593, 1669916630.3560226, 1669916631.4644132, 1669916632.5713778, 1669916633.6755004, 1669916634.7997494, 1669916639.2689705, 1669916640.4104528, 1669916641.5039265, 1669916642.5895157, 1669916643.6749787, 1669916644.7599761, 1669916645.845704, 1669916646.9497757, 1669916648.0469239, 1669916649.1199458, 1669916653.512381, 1669916654.595701, 1669916655.6785727, 1669916656.7834754, 1669916657.8909879, 1669916658.9908912, 1669916660.0963545, 1669916661.1987314, 1669916662.2833755, 1669916663.5931423, 1669916667.9370432, 1669916669.0143344, 1669916670.0881236, 1669916671.1521456, 1669916672.2567213, 1669916673.5464628, 1669916674.61258, 1669916675.731877, 1669916676.834931, 1669916677.921879, 1669916682.1364899, 1669916683.218647, 1669916684.5314608, 1669916685.616301, 1669916686.734603, 1669916687.8211389, 1669916688.9054735, 1669916690.0055752, 1669916691.0896997, 1669916692.1970735, 1669916696.7883701, 1669916697.8581, 1669916698.9384217, 1669916700.0123835, 1669916701.1049747, 1669916702.20979, 1669916703.300846, 1669916704.3816948, 1669916705.4677846, 1669916706.5571873, 1669916711.009161, 1669916712.113385, 1669916713.2311249, 1669916714.3142, 1669916715.406125, 1669916716.493084, 1669916717.5981631, 1669916718.6923606, 1669916719.7750971, 1669916720.8604474, 1669916725.3210924, 1669916726.4743998, 1669916727.582006, 1669916728.6687438, 1669916729.7639947, 1669916730.8494525, 1669916731.9477432, 1669916733.0403507, 1669916734.1428843, 1669916735.2241066, 1669916739.7941113, 1669916740.886455, 1669916741.9765997, 1669916743.0807962, 1669916744.1822343, 1669916745.2647934, 1669916746.5738695, 1669916747.6806273, 1669916748.7923486, 1669916749.85268, 1669916754.168364, 1669916755.2955408, 1669916756.4067268, 1669916757.5635376, 1669916758.9050074, 