{"initial_reset_timestamp": 1669916199.6355655, "timestamps": [1669916199.9609106, 1669916200.1809971, 1669916200.4281342, 1669916200.6595297, 1669916200.888881, 1669916201.111752, 1669916201.3416026, 1669916201.5740657, 1669916201.8078737, 1669916202.0539691, 1669916211.6177754, 1669916212.0924926, 1669916212.4815798, 1669916212.8725026, 1669916213.2805302, 1669916213.6615224, 1669916214.035948, 1669916214.397957, 1669916214.7706857, 1669916215.1455286, 1669916221.178602, 1669916221.3916974, 1669916221.6312022, 1669916221.85625, 1669916222.0902166, 1669916222.3292239, 1669916222.5780754, 1669916223.0249927, 1669916223.2761443, 1669916223.5301373, 1669916235.5356758, 1669916235.7688963, 1669916236.2138216, 1669916236.4460678, 1669916236.6970136, 1669916236.9518373, 1669916237.2116816, 1669916237.438745, 1669916237.685786, 1669916237.9219732, 1669916250.2217531, 1669916250.4498227, 1669916250.6680198, 1669916250.901446, 1669916251.1360345, 1669916251.3552306, 1669916251.5747976, 1669916251.8282218, 1669916252.056325, 1669916252.2788746, 1669916264.777638, 1669916265.0182111, 1669916265.2945638, 1669916265.549572, 1669916265.801283, 1669916266.0359435, 1669916266.2701046, 1669916266.4961574, 1669916266.7467735, 1669916267.00494, 1669916279.432432, 1669916279.6666493, 1669916279.8920884, 1669916280.108144, 1669916280.329392, 1669916280.571424, 1669916280.8069317, 1669916281.0259917, 1669916281.4499881, 1669916281.6769557, 1669916294.3800714, 1669916294.6028254, 1669916294.8333383, 1669916295.0608928, 1669916295.2773757, 1669916295.5044985, 1669916295.7440214, 1669916295.9821754, 1669916296.2016714, 1669916296.4266284, 1669916309.0935826, 1669916309.3181581, 1669916309.5427418, 1669916309.7794921, 1669916310.0075881, 1669916310.2290785, 1669916310.455181, 1669916310.6834524, 1669916310.9124155, 1669916311.1594965, 1669916324.02968, 1669916324.2594106, 1669916324.4880905, 1669916324.7146604, 1669916324.949024, 1669916325.169475, 1669916325.4073584, 1669916325.635236, 1669916325.8548281, 1669916326.2966704, 1669916338.9450996, 1669916339.1670249, 1669916339.3945024, 1669916339.8634696, 1669916340.0922923, 1669916340.306849, 1669916340.5210946, 1669916340.7579947, 1669916340.993818, 1669916341.2076104, 1669916354.45273, 1669916354.686372, 1669916354.9249935, 1669916355.1636174, 1669916355.3969157, 1669916355.6286335, 1669916355.8699687, 1669916356.1148891, 1669916356.3383105, 1669916356.5708504, 1669916368.9585068, 1669916369.1892812, 1669916369.460497, 1669916369.7024288, 1669916369.9424272, 1669916370.1732273, 1669916370.413013, 1669916370.654821, 1669916370.8790514, 1669916371.0958867, 1669916383.879815, 1669916384.1069393, 1669916384.3332102, 1669916384.5697076, 1669916384.8022654, 1669916385.0387347, 1669916385.26312, 1669916385.4913223, 1669916385.9348762, 1669916386.1575491, 1669916398.3847547, 1669916398.6249216, 1669916398.8534367, 1669916399.2911386, 1669916399.5343385, 1669916399.7580585, 1669916400.000385, 1669916400.212555, 1669916400.4305296, 1669916400.6742861, 1669916413.1179984, 1669916413.3509974, 1669916413.5740561, 1669916413.8030515, 1669916414.0372474, 1669916414.267429, 1669916414.4905827, 1669916414.7324455, 1669916414.9728346, 1669916415.1940467, 1669916427.4893818, 1669916427.7350872, 1669916427.9633312, 1669916428.1793022, 1669916428.3990543, 1669916428.640277, 1669916428.865661, 1669916429.0973182, 1669916429.340314, 1669916429.5986006, 1669916442.135641, 1669916442.3605325, 1669916442.5876353, 1669916442.8221457, 1669916443.0589473, 1669916443.2779648, 1669916443.5034888, 1669916443.7295609, 1669916443.9908128, 1669916444.206226, 1669916456.7847657, 1669916457.015681, 1669916457.2440767, 1669916457.474051, 1669916457.6963646, 1669916457.9168973, 1669916458.1384642, 1669916458.5766728, 1669916458.8150556, 1669916459.039855, 1669916471.103409, 1669916471.3230548, 1669916471.5675416, 1669916472.0391595, 1669916472.2638175, 1669916472.4966683, 1669916472.7343395, 1669916472.956124, 1669916473.1759608, 1669916473.4008803, 1669916485.8723109, 1669916486.095477, 1669916486.3164032, 1669916486.545827, 1669916486.7965326, 1669916487.0332963, 1669916487.2570686, 1669916487.4775488, 1669916487.716792, 1669916487.9527438, 1669916500.300009, 1669916500.5175016, 1669916500.7584343, 1669916500.987544, 1669916501.2097828, 1669916501.4188685, 1669916501.6436467, 1669916501.8594944, 1669916502.088522, 1669916502.3150299, 1669916514.5870411, 1669916514.8069577, 1669916515.0434859, 1669916515.2617214, 1669916515.5057201, 1669916515.7300842, 1669916515.9526603, 1669916516.163348, 1669916516.411481, 1669916516.6353126, 1669916528.8270772, 1669916529.0515358, 1669916529.27569, 1669916529.523994, 1669916529.7580886, 1669916529.981534, 1669916530.2094836, 1669916530.6778545, 1669916530.9245133, 1669916531.1509879, 1669916548.7606678, 1669916548.9997058, 1669916549.2300296, 1669916549.69079, 1669916549.9318323, 1669916550.16848, 1669916550.4058774, 1669916550.6521761, 1669916550.8826854, 1669916551.133076, 1669916563.4395683, 1669916563.6743321, 1669916563.912962, 1669916564.1476653, 1669916564.3716383, 1669916564.6047199, 1669916564.836084, 1669916565.0628777, 1669916565.2883573, 1669916565.532571, 1669916578.2045944, 1669916578.4359317, 1669916578.6788023, 1669916578.9164808, 1669916579.1539915, 1669916579.3879077, 1669916579.6209803, 1669916579.8625183, 1669916580.1068094, 1669916580.333889, 1669916592.6427557, 1669916592.8748257, 1669916593.1068306, 1669916593.331885, 1669916593.5743065, 1669916593.8082013, 1669916594.0421076, 1669916594.265478, 1669916594.5116587, 1669916594.741902, 1669916607.260904, 1669916607.5063818, 1669916607.7530751, 1669916607.9869642, 1669916608.217611, 1669916608.450649, 1669916608.701983, 1669916608.9334347, 1669916609.3933413, 1669916609.6212072, 1669916621.674448, 1669916621.9078913, 1669916622.1456816, 1669916622.370773, 1669916622.8547962, 1669916623.112856, 1669916623.336126, 1669916623.558486, 1669916623.7922118, 1669916624.0328562, 1669916636.0851388, 1669916636.3145792, 1669916636.7623458, 1669916636.9928298, 1669916637.2117233, 1669916637.437632, 1669916637.6779692, 1669916637.929093, 1669916638.161373, 1669916638.4004486, 1669916650.6200333, 1669916650.8320036, 1669916651.0738146, 1669916651.2929718, 1669916651.5267751, 1669916651.7530353, 1669916651.9768999, 1669916652.2026076, 1669916652.4242845, 1669916652.6538522, 1669916665.0002713, 1669916665.2265158, 1669916665.455861, 1669916665.7003958, 1669916665.9438555, 1669916666.1712923, 1669916666.3954194, 1669916666.635582, 1669916666.8576512, 1669916667.0941365, 1669916679.212871, 1669916679.429578, 1669916679.6744463, 1669916679.904044, 1669916680.1379018, 1669916680.3764153, 1669916680.6147397, 1669916680.8322396, 1669916681.0526497, 1669916681.2752457, 1669916693.4948769, 1669916693.73274, 1669916693.9567893, 1669916694.1872604, 1669916694.448931, 1669916694.7263994, 1669916694.9762394, 1669916695.4357665, 1669916695.689423, 1669916695.9256828, 1669916707.8378193, 1669916708.0705884, 1669916708.2955925, 1669916708.7522664, 1669916708.9996643, 1669916709.221135, 1669916709.4464505, 1669916709.67891, 1669916709.9142077, 1669916710.1459317, 1669916722.364955, 1669916722.5949848, 1669916722.8226762, 1669916723.0600832, 1669916723.285771, 1669916723.5139945, 1669916723.7393599, 1669916723.9738698, 1669916724.215269, 1669916724.4550006, 1669916736.7688358, 1669916736.9922655, 1669916737.2158012, 1669916737.451993, 1669916737.7129188, 1669916737.9539728, 1669916738.1890278, 1669916738.4213474, 1669916738.6681044, 1669916738.926935, 1669916751.1476626, 1669916751.3712137, 1669916751.5977106, 1669916751.8635602, 1669916752.1055083, 1669916752.3272023, 1669916752.5585675, 1669916752.8268282, 1669916753.055916, 1669916753.287907, 1669916765.7150908, 1669916765.9589138, 1669916766.19074, 1669916766.408738, 1669916766.6431189, 1669916766.871994, 1669916767.1233957, 1669916767.3491669, 1669916767.586656, 1669916768.0288863, 1669916780.1330159, 1669916780.365868, 