{"initial_reset_timestamp": 1670094355.241226, "timestamps": [1670094355.656856, 1670094355.934231, 1670094356.2269025, 1670094356.5151618, 1670094356.7954988, 1670094357.0915525, 1670094357.374434, 1670094361.660734, 1670094361.9486616, 1670094362.2460985, 1670094362.5280616, 1670094362.883935, 1670094363.1709754, 1670094363.4698384, 1670094363.7483397, 1670094368.0853755, 1670094368.370839, 1670094368.670606, 1670094368.9729018, 1670094369.2619252, 1670094369.5598474, 1670094369.8428006, 1670094370.1481357, 1670094382.4205124, 1670094382.7137191, 1670094383.0058782, 1670094383.2960734, 1670094383.5856667, 1670094383.8849843, 1670094384.1826258, 1670094396.8436544, 1670094397.1479502, 1670094397.433312, 1670094397.7157967, 1670094398.015552, 1670094398.3248112, 1670094398.6265945, 1670094410.7326071, 1670094411.0332706, 1670094411.3242168, 1670094411.6035, 1670094411.8881028, 1670094412.1773384, 1670094412.4722111, 1670094424.7554877, 1670094425.0328097, 1670094425.3353012, 1670094425.625788, 1670094425.9138796, 1670094426.2004478, 1670094426.5057838, 1670094438.9190953, 1670094439.212356, 1670094439.511491, 1670094439.798991, 1670094440.074735, 1670094440.365754, 1670094440.6495337, 1670094453.2087972, 1670094453.49409, 1670094453.7778783, 1670094454.0822034, 1670094454.3454583, 1670094454.6279461, 1670094454.9106667, 1670094467.3697839, 1670094467.6757047, 1670094467.9030087, 1670094468.193273, 1670094468.5179877, 1670094468.6745045, 1670094468.9665651, 1670094469.2636921, 1670094481.433502, 1670094481.7261968, 1670094482.013719, 1670094482.320058, 1670094482.6103723, 1670094482.888001, 1670094483.1905792, 1670094495.4672282, 1670094495.7535918, 1670094496.242204, 1670094496.5320952, 1670094496.8153288, 1670094497.1134245, 1670094497.3978212, 1670094509.7820058, 1670094510.1052856, 1670094510.4101582, 1670094510.7057528, 1670094510.9955764, 1670094511.2964792, 1670094511.5878098, 1670094523.8799844, 1670094524.175429, 1670094524.4797356, 1670094524.7802556, 1670094525.070736, 1670094525.3655682, 1670094525.6555307, 1670094538.0412133, 1670094538.3366935, 1670094538.6317923, 1670094538.927061, 1670094539.224035, 1670094539.521851, 1670094539.710721, 1670094540.020049, 1670094552.2801268, 1670094552.57148, 1670094552.8498948, 1670094553.1421285, 1670094553.4357283, 1670094553.7204964, 1670094554.0072706, 1670094566.1855564, 1670094566.4891613, 1670094566.774633, 1670094567.0700126, 1670094567.5324223, 1670094567.8097582, 1670094568.116901, 1670094580.3909578, 1670094580.684258, 1670094580.9704382, 1670094581.2572305, 1670094581.548681, 1670094581.8604047, 1670094582.1540546, 1670094599.4302678, 1670094599.711901, 1670094600.0098758, 1670094600.3361413, 1670094600.6264966, 1670094600.9109886, 1670094601.1967907, 1670094613.6963787, 1670094613.9987833, 1670094614.2851133, 1670094614.5470583, 1670094614.8428173, 1670094615.1419625, 1670094615.459473, 1670094627.7684643, 1670094627.9996421, 1670094628.291201, 1670094628.5776875, 1670094628.8685167, 1670094629.1683562, 1670094629.4543455, 1670094629.7434072, 1670094640.7106287, 1670094640.9919124, 1670094641.2891266, 1670094641.5798814, 1670094641.8713374, 1670094642.1611586, 1670094642.458369, 1670094653.3519452, 1670094653.6468945, 1670094653.9311788, 1670094654.221929, 1670094654.5127664, 1670094654.7912257, 1670094655.0738251, 1670094655.3671694, 1670094666.0880063, 1670094666.372296, 1670094666.6546695, 1670094666.9479718, 1670094667.2436898, 1670094667.5357196, 1670094667.8293967, 1670094668.121435, 1670094678.9301627, 1670094679.2153068, 1670094679.5103948, 1670094679.7975025, 1670094680.091021, 1670094680.3908048, 1670094680.6835678, 1670094691.5476713, 1670094691.831903, 1670094692.1314766, 1670094692.4395447, 1670094692.8948498, 1670094693.1880252, 1670094693.4914677, 1670094704.374329, 1670094704.6157503, 1670094704.9118133, 1670094705.2060034, 1670094705.509087, 1670094705.7969477, 1670094706.1118596, 1670094716.9005837, 1670094717.1931722, 1670094717.4860702, 1670094717.780084, 1670094718.0754454, 1670094718.3645906, 1670094718.6478329, 1670094729.4964752, 1670094729.7780166, 1670094730.0649662, 1670094730.3542619, 1670094730.6476254, 1670094730.9426055, 1670094731.248592, 1670094742.196935, 1670094742.4724355, 1670094742.7618475, 1670094743.0609305, 1670094743.3502219, 1670094743.6263754, 1670094743.9115644, 1670094754.7406588, 1670094755.0408804, 1670094755.3347194, 1670094755.6343145, 1670094755.9196923, 1670094756.2190785, 1670094756.5037818, 1670094767.1995046, 1670094767.4990907, 1670094767.8086588, 1670094768.1064394, 1670094768.3946283, 1670094768.682942, 1670094769.0031633, 1670094779.7498004, 1670094780.0622475, 1670094780.3586884, 1670094780.6485906, 1670094780.8050885, 1670094781.0990615, 1670094781.404399, 1670094781.688629, 1670094792.7031093, 1670094792.9950747, 1670094793.302066, 1670094793.5859568, 1670094793.8693757, 1670094794.1625834, 1670094794.4579556, 1670094805.237488, 1670094805.5441306, 1670094805.8455791, 1670094806.1347525, 1670094806.42667, 1670094806.7353647, 1670094806.983181, 1670094817.9016168, 1670094818.1905622, 1670094818.4840956, 1670094818.777041, 1670094819.0681121, 1670094819.2661562, 1670094819.5549433, 1670094819.8394263, 1670094830.7338707, 1670094831.0420492, 1670094831.3378236, 1670094831.6222286, 1670094832.1081796, 1670094832.3904014, 1670094832.6805952, 1670094843.4721117, 1670094843.7541735, 1670094843.9959311, 1670094844.3123639, 1670094844.6078668, 1670094844.8944614, 1670094845.1080496, 1670094845.4233658, 1670094856.170437, 1670094856.4508867, 1670094856.7454512, 1670094857.0676832, 1670094857.3643057, 1670094857.659816, 1670094857.9037204, 1670094869.8010082, 1670094870.2627993, 1670094870.7701898, 1670094871.2500796, 1670094871.7782962, 1670094872.3043458, 1670094872.820086, 1670094886.8372457, 1670094887.1278176, 1670094887.4091756, 1670094887.6345541, 1670094887.9354088, 1670094888.1770384, 1670094888.481381, 1670094888.7841904, 1670094899.638367, 1670094899.935791, 1670094900.1503036, 1670094900.4391353, 1670094900.7019274, 1670094900.9871552, 1670094901.2681859, 1670094901.421515, 1670094912.3989046, 1670094912.6831, 1670094912.9771235, 1670094913.2742076, 1670094913.5648453, 1670094913.845859, 1670094914.1354501, 1670094924.779679, 1670094925.0417259, 1670094925.3320165, 1670094925.6257756, 1670094925.9172196, 1670094926.2059414, 1670094926.5003886, 1670094926.964464, 1670094937.7208533, 1670094938.0077906, 1670094938.2939653, 1670094938.590755, 1670094938.8857276, 1670094939.1840153, 1670094939.480562, 1670094950.2092154, 1670094950.4974172, 1670094950.7927973, 1670094951.0726593, 1670094951.3570578, 1670094951.6395512, 1670094951.942447, 1670094962.6183624, 1670094962.896245, 1670094963.201043, 1670094963.4980724, 1670094963.7815292, 1670094964.0806942, 1670094964.2533104, 1670094964.5568435, 1670094975.522055, 1670094975.8065083, 1670094976.030973, 1670094976.3212993, 1670094976.6091616, 1670094976.901129, 1670094977.2052772, 1670094977.49111, 1670094988.362712, 1670094988.645106, 1670094988.9245028, 1670094989.2198305, 1670094989.5091584, 1670094989.797039, 1670094990.0902083, 1670095000.9761436, 1670095001.2781906, 1670095001.5713117, 1670095001.8646975, 1670095002.1774254, 1670095002.4682755, 1670095002.786887],