{"initial_reset_timestamp": 1670094355.1278768, "timestamps": [1670094357.6337838, 1670094358.111549, 1670094358.6835968, 1670094359.253211, 1670094359.7605808, 1670094360.2702653, 1670094363.9092588, 1670094364.4376817, 1670094364.9243927, 1670094365.437069, 1670094365.9258924, 1670094366.4324243, 1670094366.9316757, 1670094371.1822598, 1670094372.8537428, 1670094374.550842, 1670094376.2185497, 1670094377.5023212, 1670094379.163679, 1670094380.8405821, 1670094385.3775954, 1670094387.0594082, 1670094388.8091514, 1670094390.6074684, 1670094392.3103864, 1670094394.0053802, 1670094398.7449257, 1670094400.444459, 1670094402.0536995, 1670094403.6472538, 1670094405.286988, 1670094406.9299839, 1670094408.6501627, 1670094413.1064553, 1670094414.7398648, 1670094416.3803878, 1670094418.047953, 1670094419.7554023, 1670094421.3906417, 1670094422.99945, 1670094427.6546357, 1670094429.3388116, 1670094431.0432255, 1670094432.6918488, 1670094434.3510027, 1670094435.9796503, 1670094440.77608, 1670094442.4413018, 1670094444.0725443, 1670094445.7361517, 1670094447.7494993, 1670094449.4657147, 1670094451.1544752, 1670094455.326131, 1670094456.961511, 1670094458.6442485, 1670094460.3493276, 1670094462.0367844, 1670094463.7000582, 1670094465.550859, 1670094470.1938872, 1670094471.8390865, 1670094473.4787872, 1670094475.1197438, 1670094476.7969475, 1670094478.4576967, 1670094480.1377122, 1670094484.6381602, 1670094486.3214993, 1670094487.991613, 1670094489.750436, 1670094491.4529026, 1670094493.131071, 1670094497.7914486, 1670094499.486467, 1670094501.1947317, 1670094502.8388348, 1670094504.5063844, 1670094506.2136188, 1670094507.8530638, 1670094508.5155394, 1670094513.0500946, 1670094514.750318, 1670094516.4598577, 1670094518.1479776, 1670094519.810889, 1670094521.5172427, 1670094526.0729337, 1670094527.7434413, 1670094529.4048855, 1670094531.0843384, 1670094532.7777786, 1670094534.605876, 1670094536.2888353, 1670094540.9887557, 1670094542.6600459, 1670094544.3380797, 1670094546.011855, 1670094547.6812398, 1670094549.360747, 1670094551.021359, 1670094555.511526, 1670094557.1876013, 1670094558.85053, 1670094560.5473378, 1670094562.26553, 1670094563.904069, 1670094568.5518847, 1670094570.2628653, 1670094571.944397, 1670094573.6004224, 1670094575.279165, 1670094576.9531088, 1670094578.627495, 1670094583.2792883, 1670094585.632881, 1670094588.330204, 1670094591.3051047, 1670094593.957169, 1670094596.5479057, 1670094598.221575, 1670094602.6980345, 1670094604.3909948, 1670094606.1155233, 1670094607.8543742, 1670094609.5384924, 1670094611.1996872, 1670094615.911885, 1670094617.6145635, 1670094619.1340215, 1670094620.8164914, 1670094622.5405757, 1670094624.1976137, 1670094625.861096], "episode_lengths": [150, 150, 150, 150, 150, 150, 150, 150, 150, 150, 150, 150, 150, 150, 150, 150, 150, 112, 150, 150, 150, 150, 150, 150, 150, 150, 150, 150, 150, 150, 150, 150, 150, 150, 150, 150, 150, 150, 150, 150, 150, 150, 150, 150, 150, 150, 150, 150, 150, 150, 150, 150, 150, 125, 150, 150, 150, 150, 150, 150, 150, 150, 150, 150, 150, 150, 150, 150, 150, 150, 150, 150, 150, 150, 150, 150, 150, 150, 150, 150, 54, 150, 150, 150, 150, 150, 150, 150, 150, 150, 150, 150, 150, 150, 150, 150, 150, 150, 150, 150, 150, 150, 150, 150, 150, 150, 150, 150, 150, 150, 150, 150, 150, 150, 150, 150, 150, 150, 150, 150, 150, 150, 150, 150, 150, 150, 150, 150, 150, 136, 150, 150, 150, 150], "episode_rewards": [-150.0, -150.0, -150.0, -150.0, -150.0, -150.0, -150.0, -150.0, -150.0, -150.0, -150.0, -150.0, -150.0, -150.0, -150.0, -150.0, -150.0, -111.0, -150.0, -150.0, -150.0, -150.0, -150.0, -150.0, -150.0, -150.0, -150.0, -150.0, -150.0, -150.0, -150.0, -150.0, -150.0, -150.0, -150.0, -150.0, -150.0, -150.0, -150.0, -150.0, -150.0, -150.0, -150.0, -150.0, -150.0, -150.0, -150.0, -150.0, -150.0, -150.0, -150.0, -150.0, -150.0, -124.0, -150.0, -150.0, -150.0, -150.0, -150.0, -150.0, -150.0, -150.0, -150.0, -150.0, -150.0, -150.0, -150.0, -150.0, -150.0, -150.0, -150.0, -150.0, -150.0, -150.0, -150.0, -150.0, -150.0, -150.0, -150.0, -150.0, -53.0, -150.0, -150.0, -150.0, -150.0, -150.0, -150.0, -150.0, -150.0, -150.0, -150.0, -150.0, -150.0, -150.0, -150.0, -150.0, -150.0, -150.0, -150.0, -150.0, -150.0, -150.0, -150.0, -150.0, -150.0, -150.0, -150.0, -150.0, -150.0, -150.0, -150.0, -150.0, -150.0, -150.0, -150.0, -150.0, -150.0, -150.0, -150.0, -150.0, -150.0, -150.0, -150.0, -150.0, -150.0, -150.0, -150.0, -150.0, -150.0, -135.0, -150.0, -150.0, -150.0, -150.0], "episode_types": ["t", "t", "t", "t", "t", "t", "t", "t", "t", "t", "t", "t", "t", "t", "t", "t", "t", "t", "t", "t", "t", "t", "t", "t", "t", "t", "t", "t", "t", "t", "t", "t", "t", "t", "t", "t", "t", "t", "t", "t", "t", "t", "t", "t", "t", "t", "t", "t", "t", "t", "t", "t", "t", "t", "t", "t", "t", "t", "t", "t", "t", "t", "t", "t", "t", "t", "t", "t", "t", "t", "t", "t", "t", "t", "t", "t", "t", "t", "t", "t", "t", "t", "t", "t", "t", "t", "t", "t", "t", "t", "t", "t", "t", "t", "t", "t", "t", "t", "t", "t", "t", "t", "t", "t", "t", "t", "t", "t", "t", "t", "t", "t", "t", "t", "t", "t", "t", "t", "t", "t", "t", "t", "t", "t", "t", "t", "t", "t", "t", "t", "t", "t", "t", "t", "t"]}