{"initial_reset_timestamp": 1670006279.3464952, "timestamps": [1670006279.7523527, 1670006280.0983324, 1670006280.4387236, 1670006280.768596, 1670006281.122559, 1670006281.4705503, 1670006281.803233, 1670006286.6013567, 1670006286.9375114, 1670006287.282198, 1670006287.6052775, 1670006287.817493, 1670006288.1429322, 1670006288.4839709, 1670006288.8161657, 1670006293.7556334, 1670006294.102656, 1670006294.4425616, 1670006294.7845793, 1670006295.3087907, 1670006295.6482956, 1670006295.9846838, 1670006296.3239338, 1670006309.961702, 1670006310.3025756, 1670006310.6408243, 1670006310.9809167, 1670006311.323902, 1670006311.6554685, 1670006311.99778, 1670006325.6382954, 1670006325.9757476, 1670006326.3293202, 1670006326.6725776, 1670006327.0112007, 1670006327.3597035, 1670006327.690497, 1670006341.434326, 1670006341.7648466, 1670006342.096444, 1670006342.4341054, 1670006342.7652874, 1670006343.0968788, 1670006343.425733, 1670006356.9308546, 1670006357.2537177, 1670006357.590304, 1670006357.9461248, 1670006358.2995603, 1670006358.632435, 1670006358.9722867, 1670006372.5084965, 1670006372.8259733, 1670006373.3465552, 1670006373.6786802, 1670006373.980545, 1670006374.3277822, 1670006374.6581929, 1670006388.0318935, 1670006388.357502, 1670006388.6863701, 1670006389.0005813, 1670006389.2874653, 1670006389.6158965, 1670006389.9512465, 1670006403.3251615, 1670006403.6423216, 1670006403.8982158, 1670006404.2265024, 1670006404.5503316, 1670006404.7266877, 1670006405.0441992, 1670006405.3868682, 1670006418.8633158, 1670006419.1840765, 1670006419.518204, 1670006419.8417008, 1670006420.171753, 1670006420.511189, 1670006420.838365, 1670006434.1954541, 1670006434.5458095, 1670006434.8838642, 1670006435.21872, 1670006435.5472426, 1670006435.8676653, 1670006436.2004254, 1670006450.5540748, 1670006451.08613, 1670006451.6134355, 1670006452.176938, 1670006452.6777804, 1670006453.248782, 1670006453.869923, 1670006470.7853446, 1670006471.0963328, 1670006471.4377975, 1670006471.776368, 1670006472.090147, 1670006472.4261477, 1670006472.7489455, 1670006486.1359532, 1670006486.4703279, 1670006486.7996855, 1670006487.1361163, 1670006487.4694095, 1670006487.8030117, 1670006488.0216987, 1670006488.3581593, 1670006501.9626083, 1670006502.2925663, 1670006502.626378, 1670006502.9417562, 1670006503.2846942, 1670006503.6140044, 1670006503.9389772, 1670006517.4366508, 1670006517.7778113, 1670006518.1006448, 1670006518.442176, 1670006518.8036492, 1670006519.1677275, 1670006519.4942124, 1670006532.9600642, 1670006533.3200252, 1670006533.641921, 1670006533.959334, 1670006534.3021677, 1670006534.6298764, 1670006534.9544773, 1670006548.438919, 1670006548.7613919, 1670006549.0926921, 1670006549.4275644, 1670006549.7688932, 1670006550.1000721, 1670006550.427641, 1670006563.9450126, 1670006564.2785096, 1670006564.6182113, 1670006564.9164906, 1670006565.2491279, 1670006565.5725057, 1670006565.8978183, 1670006579.5847096, 1670006579.834869, 1670006580.1557505, 1670006580.4963188, 1670006580.8315127, 1670006581.1613839, 1670006581.4976668, 1670006581.83141, 1670006593.4783716, 1670006593.8008826, 1670006594.1316683, 1670006594.4641438, 1670006594.804442, 1670006595.1427984, 1670006595.474595, 1670006607.1080801, 1670006607.4269302, 1670006607.762518, 1670006608.0813966, 1670006608.405163, 1670006608.7330892, 1670006609.0479, 1670006609.3762183, 1670006621.0758598, 1670006621.4055305, 1670006621.7429411, 1670006622.0713851, 1670006622.4167988, 1670006622.749654, 1670006623.0835795, 1670006623.4259174, 1670006635.060544, 1670006635.4081507, 1670006635.7556887, 1670006636.0729125, 1670006636.4294426, 1670006636.7612648, 1670006637.0797546, 1670006648.7357597, 1670006649.0654213, 1670006649.3996325, 1670006649.7386708, 1670006650.0761392, 1670006650.4101958, 1670006650.7402747, 1670006662.6092672, 1670006662.875647, 1670006663.210631, 1670006663.5581796, 1670006663.8899844, 1670006664.2360842, 1670006664.5602796, 1670006676.2613358, 1670006676.5970278, 1670006676.93291, 1670006677.2746644, 1670006677.6053898, 1670006677.9445865, 1670006678.3176148, 1670006690.1531477, 1670006690.4868572, 1670006690.8137906, 1670006691.166146, 1670006691.5076869, 1670006691.8469222, 1670006692.1803503, 1670006703.8328342, 1670006704.1406877, 1670006704.5000012, 1670006704.836879, 1670006705.1612396, 1670006705.4907265, 1670006705.8276525, 1670006717.6504564, 1670006717.9862149, 1670006718.3201036, 1670006718.6479895, 1670006718.9995146, 1670006719.3290706, 1670006719.6450398, 1670006731.2726407, 1670006731.6234329, 1670006731.9516256, 1670006732.2883003, 1670006732.6294672, 1670006732.9575918, 1670006733.2862556, 1670006744.997083, 1670006745.3318813, 1670006745.6582935, 1670006745.9845405, 1670006746.172441, 1670006746.4940035, 1670006746.8432467, 1670006747.1609251, 1670006759.0120006, 1670006759.3590164, 1670006759.6933181, 1670006760.0165305, 1670006760.363383, 1670006760.7030632, 1670006761.0562005, 1670006777.8736393, 1670006778.2284863, 1670006778.5650837, 1670006778.911709, 1670006779.2412148, 1670006779.5776155, 1670006779.8565679, 1670006791.8325753, 1670006792.1713626, 1670006792.5030417, 1670006792.8265283, 1670006793.1668193, 1670006793.3830893, 1670006793.7144592, 1670006794.0437489, 1670006805.8357017, 1670006806.1657014, 1670006806.5138102, 1670006806.8438952, 1670006807.1704595, 1670006807.5210207, 1670006807.8476543, 1670006819.6115835, 1670006819.9484432, 1670006820.226338, 1670006820.572122, 1670006820.9291463, 1670006821.244776, 1670006821.5061965, 1670006821.8545928, 1670006833.6002471, 1670006833.929858, 1670006834.2789998, 1670006834.6023982, 1670006834.939753, 1670006835.2785065, 1670006835.5624256, 1670006847.354987, 1670006847.6753209, 1670006847.9973955, 1670006848.3412986, 1670006848.6724584, 1670006848.995062, 1670006849.335001, 1670006861.2735922, 1670006861.6012528, 1670006861.9556336, 1670006862.2119074, 1670006862.5476313, 1670006862.8143408, 1670006863.145931, 1670006863.4860692, 1670006875.2419362, 1670006875.5772805, 1670006875.8208938, 1670006876.1582563, 1670006876.4538555, 1670006876.7802768, 1670006877.1050003, 1670006877.298088, 1670006888.9506142, 1670006889.3043766, 1670006889.62354, 1670006889.9531624, 1670006890.307466, 1670006890.6276152, 1670006890.9567604, 1670006902.568078, 1670006902.8585498, 1670006903.1893208, 1670006903.5239496, 1670006904.0470428, 1670006904.4006941, 1670006904.7343323, 1670006905.0723333, 1670006916.790007, 1670006917.1200142, 1670006917.4640107, 1670006917.7936373, 1670006918.1419387, 1670006918.4847069, 1670006918.8125727, 1670006930.5283878, 1670006930.862183, 1670006931.194373, 1670006931.5254426, 1670006931.862393, 1670006932.1916015, 1670006932.5410824, 1670006944.2177837, 1670006944.5544531, 1670006944.8893006, 1670006945.2110796, 1670006945.53985, 1670006945.854273, 1670006946.052262, 1670006946.3693776, 1670006958.1834867, 1670006958.5203128, 1670006958.7827244, 1670006959.1234307, 1670006959.457551, 1670006959.799201, 1670006960.1379004, 1670006960.4583044, 1670006972.2046337, 1670006972.5301435, 1670006972.8632236, 1670006973.2033167, 1670006973.5506392, 1670006973.8801816, 1670006974.2354083, 1670006986.0048463, 1670006986.3310783, 1670006986.6670067, 1670006986.9993372, 1670006987.3188639, 1670006987.657013, 1670006987.9831622],