{"initial_reset_timestamp": 1670006279.233952, "timestamps": [1670006282.0885375, 1670006282.6045194, 1670006283.240927, 1670006283.6949313, 1670006284.2903593, 1670006284.8608236, 1670006288.8535597, 1670006289.4221246, 1670006289.9860382, 1670006290.5447552, 1670006291.1197352, 1670006291.7003605, 1670006292.2945955, 1670006296.9889102, 1670006298.853941, 1670006300.6645558, 1670006302.5959702, 1670006304.426818, 1670006306.2745073, 1670006308.1001453, 1670006313.2415693, 1670006315.097287, 1670006316.960084, 1670006318.8495023, 1670006320.7457392, 1670006322.59385, 1670006327.7663414, 1670006329.620158, 1670006331.499911, 1670006333.3596954, 1670006335.2011468, 1670006337.020009, 1670006338.8425336, 1670006344.0825405, 1670006345.9288132, 1670006347.7741792, 1670006349.5706341, 1670006351.4327219, 1670006353.242231, 1670006355.1385655, 1670006360.210715, 1670006362.0613976, 1670006363.918698, 1670006365.7888143, 1670006367.63864, 1670006369.47641, 1670006374.7328742, 1670006376.557874, 1670006378.3907464, 1670006380.2368283, 1670006382.056884, 1670006383.8868892, 1670006385.6745105, 1670006390.631721, 1670006392.4376388, 1670006394.2652636, 1670006396.0587788, 1670006397.9028475, 1670006399.716081, 1670006401.544219, 1670006406.6063378, 1670006408.458757, 1670006410.2516813, 1670006412.066563, 1670006413.8855445, 1670006415.8738356, 1670006420.9090095, 1670006422.7467265, 1670006424.5734165, 1670006426.3678808, 1670006428.2043324, 1670006430.0184562, 1670006431.8206167, 1670006436.8472605, 1670006438.6973913, 1670006440.6011486, 1670006442.445315, 1670006444.281554, 1670006446.1366618, 1670006447.9594622, 1670006454.5327241, 1670006457.5003285, 1670006460.4064946, 1670006463.2398434, 1670006465.0542283, 1670006466.8675702, 1670006468.68283, 1670006473.7002661, 1670006474.9281201, 1670006476.7301693, 1670006478.5893924, 1670006480.4176037, 1670006482.2444506, 1670006484.0459778, 1670006489.2877862, 1670006491.0633564, 1670006492.9126008, 1670006494.7742598, 1670006496.7678983, 1670006498.5786457, 1670006500.4257812, 1670006505.4800446, 1670006507.2939076, 1670006509.1231322, 1670006510.952004, 1670006512.8412485, 1670006514.6861317, 1670006515.6503422, 1670006520.7004864, 1670006522.5231266, 1670006524.3228712, 1670006526.1449482, 1670006527.9880753, 1670006529.818335, 1670006535.03332, 1670006536.8712971, 1670006538.7011561, 1670006540.5418708, 1670006542.3864434, 1670006544.2474027, 1670006546.090509, 1670006551.09351, 1670006552.2359288, 1670006554.0627093, 1670006555.922413, 1670006557.7619185, 1670006559.5856519, 1670006561.446347, 1670006566.4321542, 1670006568.27355, 1670006569.8810546, 1670006571.9213045, 1670006573.7761085, 1670006575.6224415, 1670006577.460681], "episode_lengths": [150, 150, 150, 109, 150, 150, 150, 150, 148, 150, 150, 150, 150, 150, 150, 150, 150, 150, 150, 150, 150, 150, 150, 150, 150, 150, 150, 150, 150, 150, 150, 150, 150, 150, 150, 150, 150, 150, 150, 150, 150, 150, 150, 150, 150, 150, 150, 150, 150, 150, 150, 150, 150, 150, 150, 150, 150, 150, 150, 150, 150, 150, 150, 150, 150, 150, 150, 150, 150, 150, 150, 150, 150, 150, 150, 150, 150, 150, 150, 150, 78, 150, 150, 150, 150, 150, 150, 150, 97, 150, 150, 150, 150, 150, 150, 150, 150, 150, 150, 150, 150, 150, 150, 150, 150, 150, 150, 75, 150, 150, 150, 150, 150, 150, 150, 150, 150, 150, 150, 150, 150, 150, 89, 150, 150, 150, 150, 150, 150, 150, 133, 150, 150, 150, 150], "episode_rewards": [-150.0, -150.0, -150.0, -108.0, -150.0, -150.0, -150.0, -150.0, -147.0, -150.0, -150.0, -150.0, -150.0, -150.0, -150.0, -150.0, -150.0, -150.0, -150.0, -150.0, -150.0, -150.0, -150.0, -150.0, -150.0, -150.0, -150.0, -150.0, -150.0, -150.0, -150.0, -150.0, -150.0, -150.0, -150.0, -150.0, -150.0, -150.0, -150.0, -150.0, -150.0, -150.0, -150.0, -150.0, -150.0, -150.0, -150.0, -150.0, -150.0, -150.0, -150.0, -150.0, -150.0, -150.0, -150.0, -150.0, -150.0, -150.0, -150.0, -150.0, -150.0, -150.0, -150.0, -150.0, -150.0, -150.0, -150.0, -150.0, -150.0, -150.0, -150.0, -150.0, -150.0, -150.0, -150.0, -150.0, -150.0, -150.0, -150.0, -150.0, -77.0, -150.0, -150.0, -150.0, -150.0, -150.0, -150.0, -150.0, -96.0, -150.0, -150.0, -150.0, -150.0, -150.0, -150.0, -150.0, -150.0, -150.0, -150.0, -150.0, -150.0, -150.0, -150.0, -150.0, -150.0, -150.0, -150.0, -74.0, -150.0, -150.0, -150.0, -150.0, -150.0, -150.0, -150.0, -150.0, -150.0, -150.0, -150.0, -150.0, -150.0, -150.0, -88.0, -150.0, -150.0, -150.0, -150.0, -150.0, -150.0, -150.0, -132.0, -150.0, -150.0, -150.0, -150.0], "episode_types": ["t", "t", "t", "t", "t", "t", "t", "t", "t", "t", "t", "t", "t", "t", "t", "t", "t", "t", "t", "t", "t", "t", "t", "t", "t", "t", "t", "t", "t", "t", "t", "t", "t", "t", "t", "t", "t", "t", "t", "t", "t", "t", "t", "t", "t", "t", "t", "t", "t", "t", "t", "t", "t", "t", "t", "t", "t", "t", "t", "t", "t", "t", "t", "t", "t", "t", "t", "t", "t", "t", "t", "t", "t", "t", "t", "t", "t", "t", "t", "t", "t", "t", "t", "t", "t", "t", "t", "t", "t", "t", "t", "t", "t", "t", "t", "t", "t", "t", "t", "t", "t", "t", "t", "t", "t", "t", "t", "t", "t", "t", "t", "t", "t", "t", "t", "t", "t", "t", "t", "t", "t", "t", "t", "t", "t", "t", "t", "t", "t", "t", "t", "t", "t", "t", "t", "t"]}